property_url,mls,mls_id,status,text,style,full_street_line,street,unit,city,state,zip_code,beds,full_baths,half_baths,sqft,year_built,days_on_mls,list_price,list_date,sold_price,last_sold_date,assessed_value,estimated_value,lot_sqft,price_per_sqft,latitude,longitude,neighborhoods,county,fips_code,stories,hoa_fee,parking_garage,agent,agent_email,agent_phones,broker,broker_phone,broker_website,nearby_schools,primary_photo,alt_photos
https://www.realtor.com/realestateandhomes-detail/2379258516,MRCA,CV24201157,SOLD,"Nestled in Duarte, right on the border of Irwindale, this charming 3-bedroom, 2-bath home offers 1, 593 sqft of comfortable living space. Step inside to a bright, welcoming atmosphere, perfect for relaxing or entertaining. The spacious kitchen with stainless steel appliances, opens up to a cozy dining area, and living room, making family meals or casual get-togethers a breeze. The master suite boasts a private bath, while the two additional bedrooms are perfect for family, guests, or a home office. Outside, the backyard is a tranquil retreat, ideal for enjoying sunny afternoons or hosting a weekend BBQ. This home offers charm and convenience in a peaceful neighborhood, ready to create lasting memories! THIS PROPERTY IS UNDER THE CITY OF IRWINDALE'S HOUSING AUTHORITY AFFORDABLE HOUSING GUIDELINES AND IS DESIGNATED FOR SALE TO A LOW-INCOME HOUSEHOLD. Also, leased solar for 10 more years at $107.00 a month to be assumed.",SINGLE_FAMILY,2445 Alice Rodriguez Cir,2445 Alice Rodriguez Cir,,Duarte,CA,91010,3,2,,1593,2006,94,244000,2024-12-31,231000,2025-04-04,114256,652800,5392,145,34.120318,-117.986696,Mountain-Meridian,Los Angeles,06037,1,0,2,Rex A. Rhorer,rex@kaleorealestate.com,"[{'number': '6266255246', 'type': 'Mobile', 'ext': '', 'primary': True}, {'number': '6266092130', 'type': 'Office', 'ext': '', 'primary': True}]",,,,Duarte Unified School District,http://ap.rdcpix.com/f12145a1cb0a2f97f6034bec7d36ee05l-m371564556od-w480_h360_x2.webp?w=1080&q=75,"http://ap.rdcpix.com/f12145a1cb0a2f97f6034bec7d36ee05l-m371564556od-w480_h360_x2.webp?w=1080&q=75, http://ap.rdcpix.com/f12145a1cb0a2f97f6034bec7d36ee05l-m934859779od-w480_h360_x2.webp?w=1080&q=75, http://ap.rdcpix.com/f12145a1cb0a2f97f6034bec7d36ee05l-m3698023772od-w480_h360_x2.webp?w=1080&q=75, http://ap.rdcpix.com/f12145a1cb0a2f97f6034bec7d36ee05l-m4241415108od-w480_h360_x2.webp?w=1080&q=75, http://ap.rdcpix.com/f12145a1cb0a2f97f6034bec7d36ee05l-m3784592430od-w480_h360_x2.webp?w=1080&q=75, http://ap.rdcpix.com/f12145a1cb0a2f97f6034bec7d36ee05l-m159506635od-w480_h360_x2.webp?w=1080&q=75, http://ap.rdcpix.com/f12145a1cb0a2f97f6034bec7d36ee05l-m188365988od-w480_h360_x2.webp?w=1080&q=75, http://ap.rdcpix.com/f12145a1cb0a2f97f6034bec7d36ee05l-m2714820458od-w480_h360_x2.webp?w=1080&q=75, http://ap.rdcpix.com/f12145a1cb0a2f97f6034bec7d36ee05l-m3645463662od-w480_h360_x2.webp?w=1080&q=75, http://ap.rdcpix.com/f12145a1cb0a2f97f6034bec7d36ee05l-m4163011908od-w480_h360_x2.webp?w=1080&q=75, http://ap.rdcpix.com/f12145a1cb0a2f97f6034bec7d36ee05l-m4170357907od-w480_h360_x2.webp?w=1080&q=75, http://ap.rdcpix.com/f12145a1cb0a2f97f6034bec7d36ee05l-m3973383759od-w480_h360_x2.webp?w=1080&q=75, http://ap.rdcpix.com/f12145a1cb0a2f97f6034bec7d36ee05l-m1250861692od-w480_h360_x2.webp?w=1080&q=75, http://ap.rdcpix.com/f12145a1cb0a2f97f6034bec7d36ee05l-m1449595020od-w480_h360_x2.webp?w=1080&q=75, http://ap.rdcpix.com/f12145a1cb0a2f97f6034bec7d36ee05l-m3762246255od-w480_h360_x2.webp?w=1080&q=75, http://ap.rdcpix.com/f12145a1cb0a2f97f6034bec7d36ee05l-m2681844921od-w480_h360_x2.webp?w=1080&q=75, http://ap.rdcpix.com/f12145a1cb0a2f97f6034bec7d36ee05l-m773770243od-w480_h360_x2.webp?w=1080&q=75, http://ap.rdcpix.com/f12145a1cb0a2f97f6034bec7d36ee05l-m1367488161od-w480_h360_x2.webp?w=1080&q=75, http://ap.rdcpix.com/f12145a1cb0a2f97f6034bec7d36ee05l-m794840034od-w480_h360_x2.webp?w=1080&q=75, http://ap.rdcpix.com/f12145a1cb0a2f97f6034bec7d36ee05l-m2752564378od-w480_h360_x2.webp?w=1080&q=75, http://ap.rdcpix.com/f12145a1cb0a2f97f6034bec7d36ee05l-m3002548101od-w480_h360_x2.webp?w=1080&q=75, http://ap.rdcpix.com/f12145a1cb0a2f97f6034bec7d36ee05l-m1350913104od-w480_h360_x2.webp?w=1080&q=75, http://ap.rdcpix.com/f12145a1cb0a2f97f6034bec7d36ee05l-m1875121956od-w480_h360_x2.webp?w=1080&q=75, http://ap.rdcpix.com/f12145a1cb0a2f97f6034bec7d36ee05l-m2345030869od-w480_h360_x2.webp?w=1080&q=75, http://ap.rdcpix.com/f12145a1cb0a2f97f6034bec7d36ee05l-m3909844059od-w480_h360_x2.webp?w=1080&q=75, http://ap.rdcpix.com/f12145a1cb0a2f97f6034bec7d36ee05l-m1126940275od-w480_h360_x2.webp?w=1080&q=75, http://ap.rdcpix.com/f12145a1cb0a2f97f6034bec7d36ee05l-m984136880od-w480_h360_x2.webp?w=1080&q=75, http://ap.rdcpix.com/f12145a1cb0a2f97f6034bec7d36ee05l-m2553829108od-w480_h360_x2.webp?w=1080&q=75, http://ap.rdcpix.com/f12145a1cb0a2f97f6034bec7d36ee05l-m3752835500od-w480_h360_x2.webp?w=1080&q=75, http://ap.rdcpix.com/f12145a1cb0a2f97f6034bec7d36ee05l-m3977228615od-w480_h360_x2.webp?w=1080&q=75, http://ap.rdcpix.com/f12145a1cb0a2f97f6034bec7d36ee05l-m1173341399od-w480_h360_x2.webp?w=1080&q=75"
https://www.realtor.com/realestateandhomes-detail/2505631207,MRCA,CV21102897,SOLD,"Welcome to the turn key home, This spacious beauty is perfect for a large family, as you enter the house you will see a wide open formal living and formal area which separates from the family space, kitchen, dining and family room are wide open concepts, kitchen comes with granite counter tops, and surrounded by plenty of cabinets, with a good size pantry area, cozy fireplace in the living room, Beautiful High ceilings, Cove lighting in living room and kitchen, Security cameras, Speaker wiring throughout the house, 3 Full bathrooms, Laminate flooring in most parts of the house, also comes with two gorgeous balconies one in the front and another one in the master bedroom, Two patios as well one in the front and in the back, plus tile roof. There is also pluming and gas lines already in place for a future barbecue grill , also have pre wire conn. ready in place for an electric gate motor. THERE IS A GOOD SIZE BONUS ROOM IN THE 2ND FLOOR, NO CLOSET COULD BE USE AS THE 4TH BEDROOM.ALSO AT THE BOTTOM FLOOR, MIGHT BE OPTIONS TO DO ANOTHER BEDROOM, YOU JUST HAVE TO USE YOUR IMAGINATION . THIS HOME IS LOCATED IN THE CITY OY IRWINDALE, BORDER LINE WITH BALDWIN PARK, IRWINDALE HAS MULTIPLE BENEFITS FOR ITS RESIDENTS, NO TRASH FEES, EYE AND MEDICAL, JUST TO NAME A FEW.",SINGLE_FAMILY,4424 Park Ave,4424 Park Ave,,Irwindale,CA,91706,3,3,,2400,2016,,850000,2023-06-06,850000,2021-06-30,902026,1036946,6181,354,34.093188,-117.953284,,Los Angeles,06037,2,0,2,GOMEZ MIGUEL A,MAGC21AMIGOS@YAHOO.COM,"[{'number': '6265362099', 'type': 'Office', 'ext': '', 'primary': True}]",,,,"East San Gabriel Valley Rop School District, Baldwin Park Unified School District",http://ap.rdcpix.com/88acbba82231730ab442668f4f978432l-m3204636056od-w480_h360_x2.webp?w=1080&q=75,"http://ap.rdcpix.com/88acbba82231730ab442668f4f978432l-m3204636056od-w480_h360_x2.webp?w=1080&q=75, http://ap.rdcpix.com/88acbba82231730ab442668f4f978432l-m3810922973od-w480_h360_x2.webp?w=1080&q=75, http://ap.rdcpix.com/88acbba82231730ab442668f4f978432l-m1355487602od-w480_h360_x2.webp?w=1080&q=75, http://ap.rdcpix.com/88acbba82231730ab442668f4f978432l-m850589950od-w480_h360_x2.webp?w=1080&q=75, http://ap.rdcpix.com/88acbba82231730ab442668f4f978432l-m1712306405od-w480_h360_x2.webp?w=1080&q=75, http://ap.rdcpix.com/88acbba82231730ab442668f4f978432l-m2125699510od-w480_h360_x2.webp?w=1080&q=75, http://ap.rdcpix.com/88acbba82231730ab442668f4f978432l-m4230052653od-w480_h360_x2.webp?w=1080&q=75, http://ap.rdcpix.com/88acbba82231730ab442668f4f978432l-m2728015216od-w480_h360_x2.webp?w=1080&q=75, http://ap.rdcpix.com/88acbba82231730ab442668f4f978432l-m1345992331od-w480_h360_x2.webp?w=1080&q=75, http://ap.rdcpix.com/88acbba82231730ab442668f4f978432l-m3616075275od-w480_h360_x2.webp?w=1080&q=75, http://ap.rdcpix.com/88acbba82231730ab442668f4f978432l-m801767085od-w480_h360_x2.webp?w=1080&q=75, http://ap.rdcpix.com/88acbba82231730ab442668f4f978432l-m3320290740od-w480_h360_x2.webp?w=1080&q=75, http://ap.rdcpix.com/88acbba82231730ab442668f4f978432l-m947080663od-w480_h360_x2.webp?w=1080&q=75, http://ap.rdcpix.com/88acbba82231730ab442668f4f978432l-m3123182910od-w480_h360_x2.webp?w=1080&q=75, http://ap.rdcpix.com/88acbba82231730ab442668f4f978432l-m1317680283od-w480_h360_x2.webp?w=1080&q=75, http://ap.rdcpix.com/88acbba82231730ab442668f4f978432l-m2805880064od-w480_h360_x2.webp?w=1080&q=75, http://ap.rdcpix.com/88acbba82231730ab442668f4f978432l-m2152944795od-w480_h360_x2.webp?w=1080&q=75, http://ap.rdcpix.com/88acbba82231730ab442668f4f978432l-m1139960543od-w480_h360_x2.webp?w=1080&q=75, http://ap.rdcpix.com/88acbba82231730ab442668f4f978432l-m1166669275od-w480_h360_x2.webp?w=1080&q=75, http://ap.rdcpix.com/88acbba82231730ab442668f4f978432l-m3143616758od-w480_h360_x2.webp?w=1080&q=75, http://ap.rdcpix.com/88acbba82231730ab442668f4f978432l-m1984188584od-w480_h360_x2.webp?w=1080&q=75, http://ap.rdcpix.com/88acbba82231730ab442668f4f978432l-m3177678052od-w480_h360_x2.webp?w=1080&q=75, http://ap.rdcpix.com/88acbba82231730ab442668f4f978432l-m366384023od-w480_h360_x2.webp?w=1080&q=75, http://ap.rdcpix.com/88acbba82231730ab442668f4f978432l-m2054376567od-w480_h360_x2.webp?w=1080&q=75, http://ap.rdcpix.com/88acbba82231730ab442668f4f978432l-m3554527706od-w480_h360_x2.webp?w=1080&q=75, http://ap.rdcpix.com/88acbba82231730ab442668f4f978432l-m643017622od-w480_h360_x2.webp?w=1080&q=75, http://ap.rdcpix.com/88acbba82231730ab442668f4f978432l-m1684340949od-w480_h360_x2.webp?w=1080&q=75, http://ap.rdcpix.com/88acbba82231730ab442668f4f978432l-m3585577858od-w480_h360_x2.webp?w=1080&q=75, http://ap.rdcpix.com/88acbba82231730ab442668f4f978432l-m3942717000od-w480_h360_x2.webp?w=1080&q=75, http://ap.rdcpix.com/88acbba82231730ab442668f4f978432l-m55917320od-w480_h360_x2.webp?w=1080&q=75, http://ap.rdcpix.com/88acbba82231730ab442668f4f978432l-m2922454586od-w480_h360_x2.webp?w=1080&q=75, http://ap.rdcpix.com/88acbba82231730ab442668f4f978432l-m719260110od-w480_h360_x2.webp?w=1080&q=75, http://ap.rdcpix.com/88acbba82231730ab442668f4f978432l-m896809186od-w480_h360_x2.webp?w=1080&q=75, http://ap.rdcpix.com/88acbba82231730ab442668f4f978432l-m2894210260od-w480_h360_x2.webp?w=1080&q=75, http://ap.rdcpix.com/88acbba82231730ab442668f4f978432l-m255831679od-w480_h360_x2.webp?w=1080&q=75, http://ap.rdcpix.com/88acbba82231730ab442668f4f978432l-m3799137692od-w480_h360_x2.webp?w=1080&q=75, http://ap.rdcpix.com/88acbba82231730ab442668f4f978432l-m3887467539od-w480_h360_x2.webp?w=1080&q=75, http://ap.rdcpix.com/88acbba82231730ab442668f4f978432l-m3596122161od-w480_h360_x2.webp?w=1080&q=75, http://ap.rdcpix.com/88acbba82231730ab442668f4f978432l-m1911129204od-w480_h360_x2.webp?w=1080&q=75, http://ap.rdcpix.com/88acbba82231730ab442668f4f978432l-m945176078od-w480_h360_x2.webp?w=1080&q=75, http://ap.rdcpix.com/88acbba82231730ab442668f4f978432l-m2364178027od-w480_h360_x2.webp?w=1080&q=75, http://ap.rdcpix.com/88acbba82231730ab442668f4f978432l-m1277258493od-w480_h360_x2.webp?w=1080&q=75, http://ap.rdcpix.com/88acbba82231730ab442668f4f978432l-m2576278363od-w480_h360_x2.webp?w=1080&q=75, http://ap.rdcpix.com/88acbba82231730ab442668f4f978432l-m2798653141od-w480_h360_x2.webp?w=1080&q=75, http://ap.rdcpix.com/88acbba82231730ab442668f4f978432l-m3150384031od-w480_h360_x2.webp?w=1080&q=75, http://ap.rdcpix.com/88acbba82231730ab442668f4f978432l-m3211975565od-w480_h360_x2.webp?w=1080&q=75, http://ap.rdcpix.com/88acbba82231730ab442668f4f978432l-m1923879575od-w480_h360_x2.webp?w=1080&q=75, http://ap.rdcpix.com/88acbba82231730ab442668f4f978432l-m1656757906od-w480_h360_x2.webp?w=1080&q=75, http://ap.rdcpix.com/88acbba82231730ab442668f4f978432l-m1907894125od-w480_h360_x2.webp?w=1080&q=75"
https://www.realtor.com/realestateandhomes-detail/1286243501,MRCA,P1-5305,SOLD,"Welcome to this unique single-family residence that functions perfectly as independent front/back duplex units. Situated on a large corner lot in a very nice residential neighborhood this home offers over 2500 sqft of living space, comprised four bedrooms, two baths in the front portion of the residence, and separated by a common wall, the rear portion offers two bedrooms and 2 baths. Each unit features wood floors, ceiling fans, and newer Carrier HAVC units in living areas and all bedrooms. The front unit features a large, beautifully landscaped, fenced front yard, rear patio and a 2-car attached garage, while the rear unit offers direct access off the cul-de-sac and offers a front patio and an enclosed spacious yard. Recent upgrades include the Carrier Split Unit HVAC systems in both units (2019), in the front unit insulation installed in the attic (2019), and gas and plumbing lines replaced (2018). Conveniently located just north of the beautiful Irwindale Community Park and Library, public transportation, and shopping this residence offers a great opportunity for owner/user, multi-generational use, or investor. As a resident of Irwindale, you are eligible for a variety of benefits offered free or at reduced costs, including prescription and vision programs, senior citizen and student programs, and citywide events!",SINGLE_FAMILY,16041 Calle Del Norte,16041 Calle Del Norte,,Irwindale,CA,91706,6,2,,2545,1955,,839900,2023-03-03,725000,2021-08-26,754290,922132,10019,285,34.105815,-117.932967,Irwindale Center,Los Angeles,06037,1,,2,Dick Davis,cornerstone@richarddavis.com,,,,,Covina-Valley Unified School District,http://ap.rdcpix.com/502dd4e50b045623585a38fcfc6b7dbel-m413742755od-w480_h360_x2.webp?w=1080&q=75,"http://ap.rdcpix.com/502dd4e50b045623585a38fcfc6b7dbel-m413742755od-w480_h360_x2.webp?w=1080&q=75, http://ap.rdcpix.com/502dd4e50b045623585a38fcfc6b7dbel-m2026707933od-w480_h360_x2.webp?w=1080&q=75, http://ap.rdcpix.com/502dd4e50b045623585a38fcfc6b7dbel-m3755920653od-w480_h360_x2.webp?w=1080&q=75, http://ap.rdcpix.com/502dd4e50b045623585a38fcfc6b7dbel-m2884895662od-w480_h360_x2.webp?w=1080&q=75, http://ap.rdcpix.com/502dd4e50b045623585a38fcfc6b7dbel-m4193185549od-w480_h360_x2.webp?w=1080&q=75, http://ap.rdcpix.com/502dd4e50b045623585a38fcfc6b7dbel-m3225514888od-w480_h360_x2.webp?w=1080&q=75, http://ap.rdcpix.com/502dd4e50b045623585a38fcfc6b7dbel-m97580620od-w480_h360_x2.webp?w=1080&q=75, http://ap.rdcpix.com/502dd4e50b045623585a38fcfc6b7dbel-m2054451104od-w480_h360_x2.webp?w=1080&q=75, http://ap.rdcpix.com/502dd4e50b045623585a38fcfc6b7dbel-m215535694od-w480_h360_x2.webp?w=1080&q=75, http://ap.rdcpix.com/502dd4e50b045623585a38fcfc6b7dbel-m3461139145od-w480_h360_x2.webp?w=1080&q=75, http://ap.rdcpix.com/502dd4e50b045623585a38fcfc6b7dbel-m3598717018od-w480_h360_x2.webp?w=1080&q=75, http://ap.rdcpix.com/502dd4e50b045623585a38fcfc6b7dbel-m1862947073od-w480_h360_x2.webp?w=1080&q=75, http://ap.rdcpix.com/502dd4e50b045623585a38fcfc6b7dbel-m4120420206od-w480_h360_x2.webp?w=1080&q=75, http://ap.rdcpix.com/502dd4e50b045623585a38fcfc6b7dbel-m1415420271od-w480_h360_x2.webp?w=1080&q=75, http://ap.rdcpix.com/502dd4e50b045623585a38fcfc6b7dbel-m914871729od-w480_h360_x2.webp?w=1080&q=75, http://ap.rdcpix.com/502dd4e50b045623585a38fcfc6b7dbel-m2847734999od-w480_h360_x2.webp?w=1080&q=75, http://ap.rdcpix.com/502dd4e50b045623585a38fcfc6b7dbel-m797362027od-w480_h360_x2.webp?w=1080&q=75, http://ap.rdcpix.com/502dd4e50b045623585a38fcfc6b7dbel-m3193246212od-w480_h360_x2.webp?w=1080&q=75, http://ap.rdcpix.com/502dd4e50b045623585a38fcfc6b7dbel-m2327719299od-w480_h360_x2.webp?w=1080&q=75, http://ap.rdcpix.com/502dd4e50b045623585a38fcfc6b7dbel-m3175672471od-w480_h360_x2.webp?w=1080&q=75, http://ap.rdcpix.com/502dd4e50b045623585a38fcfc6b7dbel-m1419057871od-w480_h360_x2.webp?w=1080&q=75, http://ap.rdcpix.com/502dd4e50b045623585a38fcfc6b7dbel-m2531959027od-w480_h360_x2.webp?w=1080&q=75, http://ap.rdcpix.com/502dd4e50b045623585a38fcfc6b7dbel-m1977892242od-w480_h360_x2.webp?w=1080&q=75, http://ap.rdcpix.com/502dd4e50b045623585a38fcfc6b7dbel-m1938503035od-w480_h360_x2.webp?w=1080&q=75, http://ap.rdcpix.com/502dd4e50b045623585a38fcfc6b7dbel-m2026707933od-w480_h360_x2.webp?w=1080&q=75"
https://www.realtor.com/realestateandhomes-detail/1224158441,MRCA,CV24105416,SOLD,"WELCOME TO THIS RARE FIND and OPPORTUNITY IN THE CITY OF IRWINDALE! LARGE 720 sq ft Garage has GREAT ADU POTENTIAL(comes with plans and renderings, not submitted or approved). FHA, VA & CONV OK!! This home is nestled in the heart of IRWINDALE and protected with a private security gate! Come check out this beauty as it has been tastefully Remodeled!! NEW Interior/Exterior Paint, Central Air with NEW A/C unit, NEW landscaping and irrigation system along with Stone Pathways. NEW wood laminate flooring in kitchen and 3 bedrooms, ALL NEW KITCHEN, with NEW counter tops, NEW backsplash, NEW stainless steel appliances, NEW plumbing fixtures, NEW Ceiling fans, NEW doors and moldings, NEW recessed lighting and much more!! But hurry, this one won't last long!! This house is not for rent or lease. Don't fall for scams from people pretending to be the owners",SINGLE_FAMILY,4640 Nora Ave,4640 Nora Ave,,Irwindale,CA,91706,4,2,,1746,1950,58,828000,2024-05-25,828000,2024-07-22,563000,857000,8750,474,34.097214,-117.936748,Nora-Fraijo,Los Angeles,06037,1,0,3,FABRICIO BADIOLA,badiola1979@yahoo.com,"[{'number': '(951) 202-5480', 'type': 'Home', 'ext': '', 'primary': True}]",,,,"East San Gabriel Valley Rop School District, Covina-Valley Unified School District",http://ap.rdcpix.com/509de39faee8a7bf9edf64ea32f7f7acl-m3711909278od-w480_h360_x2.webp?w=1080&q=75,"http://ap.rdcpix.com/509de39faee8a7bf9edf64ea32f7f7acl-m3711909278od-w480_h360_x2.webp?w=1080&q=75, http://ap.rdcpix.com/509de39faee8a7bf9edf64ea32f7f7acl-m3771496017od-w480_h360_x2.webp?w=1080&q=75, http://ap.rdcpix.com/509de39faee8a7bf9edf64ea32f7f7acl-m3397315210od-w480_h360_x2.webp?w=1080&q=75, http://ap.rdcpix.com/509de39faee8a7bf9edf64ea32f7f7acl-m3084008155od-w480_h360_x2.webp?w=1080&q=75, http://ap.rdcpix.com/509de39faee8a7bf9edf64ea32f7f7acl-m2713899580od-w480_h360_x2.webp?w=1080&q=75, http://ap.rdcpix.com/509de39faee8a7bf9edf64ea32f7f7acl-m932737303od-w480_h360_x2.webp?w=1080&q=75, http://ap.rdcpix.com/509de39faee8a7bf9edf64ea32f7f7acl-m1870434348od-w480_h360_x2.webp?w=1080&q=75, http://ap.rdcpix.com/509de39faee8a7bf9edf64ea32f7f7acl-m1241001617od-w480_h360_x2.webp?w=1080&q=75, http://ap.rdcpix.com/509de39faee8a7bf9edf64ea32f7f7acl-m1498610984od-w480_h360_x2.webp?w=1080&q=75, http://ap.rdcpix.com/509de39faee8a7bf9edf64ea32f7f7acl-m3625735818od-w480_h360_x2.webp?w=1080&q=75, http://ap.rdcpix.com/509de39faee8a7bf9edf64ea32f7f7acl-m888058672od-w480_h360_x2.webp?w=1080&q=75, http://ap.rdcpix.com/509de39faee8a7bf9edf64ea32f7f7acl-m2151958828od-w480_h360_x2.webp?w=1080&q=75, http://ap.rdcpix.com/509de39faee8a7bf9edf64ea32f7f7acl-m3896594337od-w480_h360_x2.webp?w=1080&q=75, http://ap.rdcpix.com/509de39faee8a7bf9edf64ea32f7f7acl-m3142897584od-w480_h360_x2.webp?w=1080&q=75, http://ap.rdcpix.com/509de39faee8a7bf9edf64ea32f7f7acl-m1700647770od-w480_h360_x2.webp?w=1080&q=75, http://ap.rdcpix.com/509de39faee8a7bf9edf64ea32f7f7acl-m3749773787od-w480_h360_x2.webp?w=1080&q=75, http://ap.rdcpix.com/509de39faee8a7bf9edf64ea32f7f7acl-m1217764284od-w480_h360_x2.webp?w=1080&q=75, http://ap.rdcpix.com/509de39faee8a7bf9edf64ea32f7f7acl-m1805716237od-w480_h360_x2.webp?w=1080&q=75, http://ap.rdcpix.com/509de39faee8a7bf9edf64ea32f7f7acl-m2439748230od-w480_h360_x2.webp?w=1080&q=75, http://ap.rdcpix.com/509de39faee8a7bf9edf64ea32f7f7acl-m3070444338od-w480_h360_x2.webp?w=1080&q=75, http://ap.rdcpix.com/509de39faee8a7bf9edf64ea32f7f7acl-m3145041745od-w480_h360_x2.webp?w=1080&q=75, http://ap.rdcpix.com/509de39faee8a7bf9edf64ea32f7f7acl-m3383082263od-w480_h360_x2.webp?w=1080&q=75, http://ap.rdcpix.com/509de39faee8a7bf9edf64ea32f7f7acl-m3323353503od-w480_h360_x2.webp?w=1080&q=75, http://ap.rdcpix.com/509de39faee8a7bf9edf64ea32f7f7acl-m3459264843od-w480_h360_x2.webp?w=1080&q=75, http://ap.rdcpix.com/509de39faee8a7bf9edf64ea32f7f7acl-m228582812od-w480_h360_x2.webp?w=1080&q=75, http://ap.rdcpix.com/509de39faee8a7bf9edf64ea32f7f7acl-m592357145od-w480_h360_x2.webp?w=1080&q=75, http://ap.rdcpix.com/509de39faee8a7bf9edf64ea32f7f7acl-m1549907344od-w480_h360_x2.webp?w=1080&q=75, http://ap.rdcpix.com/509de39faee8a7bf9edf64ea32f7f7acl-m1450669310od-w480_h360_x2.webp?w=1080&q=75, http://ap.rdcpix.com/509de39faee8a7bf9edf64ea32f7f7acl-m3060916646od-w480_h360_x2.webp?w=1080&q=75, http://ap.rdcpix.com/509de39faee8a7bf9edf64ea32f7f7acl-m2226707280od-w480_h360_x2.webp?w=1080&q=75, http://ap.rdcpix.com/509de39faee8a7bf9edf64ea32f7f7acl-m3935050425od-w480_h360_x2.webp?w=1080&q=75, http://ap.rdcpix.com/509de39faee8a7bf9edf64ea32f7f7acl-m2700553282od-w480_h360_x2.webp?w=1080&q=75, http://ap.rdcpix.com/509de39faee8a7bf9edf64ea32f7f7acl-m838730377od-w480_h360_x2.webp?w=1080&q=75, http://ap.rdcpix.com/509de39faee8a7bf9edf64ea32f7f7acl-m3877007032od-w480_h360_x2.webp?w=1080&q=75, http://ap.rdcpix.com/509de39faee8a7bf9edf64ea32f7f7acl-m2634472943od-w480_h360_x2.webp?w=1080&q=75, http://ap.rdcpix.com/509de39faee8a7bf9edf64ea32f7f7acl-m2895893258od-w480_h360_x2.webp?w=1080&q=75, http://ap.rdcpix.com/509de39faee8a7bf9edf64ea32f7f7acl-m3433250106od-w480_h360_x2.webp?w=1080&q=75, http://ap.rdcpix.com/509de39faee8a7bf9edf64ea32f7f7acl-m4096146089od-w480_h360_x2.webp?w=1080&q=75, http://ap.rdcpix.com/509de39faee8a7bf9edf64ea32f7f7acl-m2040396574od-w480_h360_x2.webp?w=1080&q=75, http://ap.rdcpix.com/509de39faee8a7bf9edf64ea32f7f7acl-m688512361od-w480_h360_x2.webp?w=1080&q=75, http://ap.rdcpix.com/509de39faee8a7bf9edf64ea32f7f7acl-m995593026od-w480_h360_x2.webp?w=1080&q=75, http://ap.rdcpix.com/509de39faee8a7bf9edf64ea32f7f7acl-m3470046833od-w480_h360_x2.webp?w=1080&q=75, http://ap.rdcpix.com/509de39faee8a7bf9edf64ea32f7f7acl-m764029882od-w480_h360_x2.webp?w=1080&q=75, http://ap.rdcpix.com/509de39faee8a7bf9edf64ea32f7f7acl-m3441405735od-w480_h360_x2.webp?w=1080&q=75, http://ap.rdcpix.com/509de39faee8a7bf9edf64ea32f7f7acl-m2136945601od-w480_h360_x2.webp?w=1080&q=75, http://ap.rdcpix.com/509de39faee8a7bf9edf64ea32f7f7acl-m2336129907od-w480_h360_x2.webp?w=1080&q=75, http://ap.rdcpix.com/509de39faee8a7bf9edf64ea32f7f7acl-m2102391592od-w480_h360_x2.webp?w=1080&q=75, http://ap.rdcpix.com/509de39faee8a7bf9edf64ea32f7f7acl-m2410974530od-w480_h360_x2.webp?w=1080&q=75, http://ap.rdcpix.com/509de39faee8a7bf9edf64ea32f7f7acl-m759977535od-w480_h360_x2.webp?w=1080&q=75, http://ap.rdcpix.com/509de39faee8a7bf9edf64ea32f7f7acl-m941012855od-w480_h360_x2.webp?w=1080&q=75, http://ap.rdcpix.com/509de39faee8a7bf9edf64ea32f7f7acl-m1058947630od-w480_h360_x2.webp?w=1080&q=75, http://ap.rdcpix.com/509de39faee8a7bf9edf64ea32f7f7acl-m3045390340od-w480_h360_x2.webp?w=1080&q=75, http://ap.rdcpix.com/509de39faee8a7bf9edf64ea32f7f7acl-m279958863od-w480_h360_x2.webp?w=1080&q=75, http://ap.rdcpix.com/509de39faee8a7bf9edf64ea32f7f7acl-m540520227od-w480_h360_x2.webp?w=1080&q=75, http://ap.rdcpix.com/509de39faee8a7bf9edf64ea32f7f7acl-m4111669849od-w480_h360_x2.webp?w=1080&q=75, http://ap.rdcpix.com/509de39faee8a7bf9edf64ea32f7f7acl-m3860502492od-w480_h360_x2.webp?w=1080&q=75"
https://www.realtor.com/realestateandhomes-detail/1344266573,MRCA,CV23202773,SOLD,"FIRST TIME ON THE MARKET! 3 Bedrooms, 2 Bathrooms, single story home perfect as a starter home or anyone downsizing. Kitchen has been upgraded with pull-out shelving and granite countertops. Master bedroom has a walk-in closet. Home features newer HVAC, 200 amp electrical panel, copper plumbing throughout, indoor washer and dryer room, hardwood flooring & newer ceiling fans. Interior of the home is handicap-ready. Backyard has a covered patio, orange and lemon trees. Irwindale Park is just across the street! Home is conveniently located to shops and freeways. City of Irwindale offers many amenities to their residents! Come check it out!",SINGLE_FAMILY,16124 Calle De Paseo,16124 Calle De Paseo,,Irwindale,CA,91706,3,2,,1119,1964,269,698000,2024-03-30,700000,2024-12-24,600726,718955,4827,626,34.103694,-117.931249,Irwindale Center,Los Angeles,06037,1,0,2,Ruth Queija,ruthqueija@gmail.com,"[{'number': '8888621194', 'type': 'Office', 'ext': '', 'primary': True}, {'number': '6268931072', 'type': 'Mobile', 'ext': '', 'primary': True}]",,,,Covina-Valley Unified School District,http://ap.rdcpix.com/479decbb067a541225b78c76b2b798a0l-b3867076953od-w480_h360_x2.webp?w=1080&q=75,"http://ap.rdcpix.com/479decbb067a541225b78c76b2b798a0l-b3867076953od-w480_h360_x2.webp?w=1080&q=75, http://ap.rdcpix.com/479decbb067a541225b78c76b2b798a0l-b771901842od-w480_h360_x2.webp?w=1080&q=75, http://ap.rdcpix.com/479decbb067a541225b78c76b2b798a0l-b2287127397od-w480_h360_x2.webp?w=1080&q=75, http://ap.rdcpix.com/479decbb067a541225b78c76b2b798a0l-b680878972od-w480_h360_x2.webp?w=1080&q=75, http://ap.rdcpix.com/479decbb067a541225b78c76b2b798a0l-b3821477966od-w480_h360_x2.webp?w=1080&q=75, http://ap.rdcpix.com/479decbb067a541225b78c76b2b798a0l-b2524837222od-w480_h360_x2.webp?w=1080&q=75, http://ap.rdcpix.com/479decbb067a541225b78c76b2b798a0l-b831248639od-w480_h360_x2.webp?w=1080&q=75, http://ap.rdcpix.com/479decbb067a541225b78c76b2b798a0l-b3032756267od-w480_h360_x2.webp?w=1080&q=75, http://ap.rdcpix.com/479decbb067a541225b78c76b2b798a0l-b1933015512od-w480_h360_x2.webp?w=1080&q=75, http://ap.rdcpix.com/479decbb067a541225b78c76b2b798a0l-b3809545107od-w480_h360_x2.webp?w=1080&q=75, http://ap.rdcpix.com/479decbb067a541225b78c76b2b798a0l-b3895048541od-w480_h360_x2.webp?w=1080&q=75, http://ap.rdcpix.com/479decbb067a541225b78c76b2b798a0l-b3702535168od-w480_h360_x2.webp?w=1080&q=75, http://ap.rdcpix.com/479decbb067a541225b78c76b2b798a0l-b978924381od-w480_h360_x2.webp?w=1080&q=75, http://ap.rdcpix.com/479decbb067a541225b78c76b2b798a0l-b2055443704od-w480_h360_x2.webp?w=1080&q=75, http://ap.rdcpix.com/479decbb067a541225b78c76b2b798a0l-b3414692605od-w480_h360_x2.webp?w=1080&q=75, http://ap.rdcpix.com/479decbb067a541225b78c76b2b798a0l-b70234737od-w480_h360_x2.webp?w=1080&q=75, http://ap.rdcpix.com/479decbb067a541225b78c76b2b798a0l-b3156896609od-w480_h360_x2.webp?w=1080&q=75, http://ap.rdcpix.com/479decbb067a541225b78c76b2b798a0l-b3987472523od-w480_h360_x2.webp?w=1080&q=75, http://ap.rdcpix.com/479decbb067a541225b78c76b2b798a0l-b4261398593od-w480_h360_x2.webp?w=1080&q=75, http://ap.rdcpix.com/479decbb067a541225b78c76b2b798a0l-b2849933758od-w480_h360_x2.webp?w=1080&q=75, http://ap.rdcpix.com/479decbb067a541225b78c76b2b798a0l-b3244198535od-w480_h360_x2.webp?w=1080&q=75, http://ap.rdcpix.com/479decbb067a541225b78c76b2b798a0l-b3415792145od-w480_h360_x2.webp?w=1080&q=75, http://ap.rdcpix.com/479decbb067a541225b78c76b2b798a0l-b4039111560od-w480_h360_x2.webp?w=1080&q=75"
https://www.realtor.com/realestateandhomes-detail/1307559620,MRCA,WS24229870,SOLD,"9086 sqft lot. Attention buyers interested in a large lot with potential to add or to develop! Do not miss the opportunity to show your client this completely upgraded home, in the heart of Baldwin Park. This home has 3 bedrooms, 2 bathrooms, new bathrooms, new floor, new windows, new interior door, new roof, new garage door, new interior/ exterior painting. Led light at living room, dining and bathroom, new kitchen with brand new appliances. Your client will not be disappointed it will go fast so bring your fussiest buyers. new iron gate at drive and side gate. Your client will not be disappointed it will go fast so bring your fussiest buyers.",SINGLE_FAMILY,15805 Juarez St,15805 Juarez St,,Baldwin Park,CA,91706,3,2,,1367,1939,40,799900,2024-11-07,838000,2024-12-17,227992,828900,9086,613,34.105662,-117.936248,Hidalgo-Juarez,Los Angeles,06037,1,0,2,Winnie Zhongci Tang,winnietang119@hotmail.com,"[{'number': '6263783180', 'type': 'Office', 'ext': '', 'primary': True}]",,,,Covina-Valley Unified School District,http://ap.rdcpix.com/c7c2d29ee2d59d543e235c8fa6d38996l-m2618374039od-w480_h360_x2.webp?w=1080&q=75,"http://ap.rdcpix.com/c7c2d29ee2d59d543e235c8fa6d38996l-m2618374039od-w480_h360_x2.webp?w=1080&q=75, http://ap.rdcpix.com/c7c2d29ee2d59d543e235c8fa6d38996l-m2275945616od-w480_h360_x2.webp?w=1080&q=75, http://ap.rdcpix.com/c7c2d29ee2d59d543e235c8fa6d38996l-m4194669279od-w480_h360_x2.webp?w=1080&q=75, http://ap.rdcpix.com/c7c2d29ee2d59d543e235c8fa6d38996l-m3440535437od-w480_h360_x2.webp?w=1080&q=75, http://ap.rdcpix.com/c7c2d29ee2d59d543e235c8fa6d38996l-m3279171177od-w480_h360_x2.webp?w=1080&q=75, http://ap.rdcpix.com/c7c2d29ee2d59d543e235c8fa6d38996l-m197954047od-w480_h360_x2.webp?w=1080&q=75, http://ap.rdcpix.com/c7c2d29ee2d59d543e235c8fa6d38996l-m2910160069od-w480_h360_x2.webp?w=1080&q=75, http://ap.rdcpix.com/c7c2d29ee2d59d543e235c8fa6d38996l-m85278852od-w480_h360_x2.webp?w=1080&q=75, http://ap.rdcpix.com/c7c2d29ee2d59d543e235c8fa6d38996l-m422536897od-w480_h360_x2.webp?w=1080&q=75, http://ap.rdcpix.com/c7c2d29ee2d59d543e235c8fa6d38996l-m861364724od-w480_h360_x2.webp?w=1080&q=75, http://ap.rdcpix.com/c7c2d29ee2d59d543e235c8fa6d38996l-m2584863413od-w480_h360_x2.webp?w=1080&q=75, http://ap.rdcpix.com/c7c2d29ee2d59d543e235c8fa6d38996l-m3734628651od-w480_h360_x2.webp?w=1080&q=75, http://ap.rdcpix.com/c7c2d29ee2d59d543e235c8fa6d38996l-m148468956od-w480_h360_x2.webp?w=1080&q=75, http://ap.rdcpix.com/c7c2d29ee2d59d543e235c8fa6d38996l-m2098457983od-w480_h360_x2.webp?w=1080&q=75, http://ap.rdcpix.com/c7c2d29ee2d59d543e235c8fa6d38996l-m374692780od-w480_h360_x2.webp?w=1080&q=75, http://ap.rdcpix.com/c7c2d29ee2d59d543e235c8fa6d38996l-m750940298od-w480_h360_x2.webp?w=1080&q=75"
https://www.realtor.com/realestateandhomes-detail/1311099885,MRCA,AR24235521,SOLD,,SINGLE_FAMILY,5059 Allen Dr,5059 Allen Dr,,Irwindale,CA,91706,4,2,,1816,1956,95,859900,2024-11-17,840000,2025-02-20,123816,835400,7014,463,34.104554,-117.929971,Irwindale Center,Los Angeles,06037,1,0,2,Michael Chao,mcfry1024@hotmail.com,"[{'number': '6263299888', 'type': 'Office', 'ext': '', 'primary': True}]",,,,Covina-Valley Unified School District,http://ap.rdcpix.com/e1514ab7eb80beec70d32324635f60e9l-m3003628197od-w480_h360_x2.webp?w=1080&q=75,"http://ap.rdcpix.com/e1514ab7eb80beec70d32324635f60e9l-m3003628197od-w480_h360_x2.webp?w=1080&q=75, http://ap.rdcpix.com/e1514ab7eb80beec70d32324635f60e9l-m1629293196od-w480_h360_x2.webp?w=1080&q=75, http://ap.rdcpix.com/e1514ab7eb80beec70d32324635f60e9l-m4118401035od-w480_h360_x2.webp?w=1080&q=75, http://ap.rdcpix.com/e1514ab7eb80beec70d32324635f60e9l-m1797838633od-w480_h360_x2.webp?w=1080&q=75, http://ap.rdcpix.com/e1514ab7eb80beec70d32324635f60e9l-m1646270321od-w480_h360_x2.webp?w=1080&q=75, http://ap.rdcpix.com/e1514ab7eb80beec70d32324635f60e9l-m285720838od-w480_h360_x2.webp?w=1080&q=75, http://ap.rdcpix.com/e1514ab7eb80beec70d32324635f60e9l-m2036821934od-w480_h360_x2.webp?w=1080&q=75, http://ap.rdcpix.com/e1514ab7eb80beec70d32324635f60e9l-m1994511853od-w480_h360_x2.webp?w=1080&q=75, http://ap.rdcpix.com/e1514ab7eb80beec70d32324635f60e9l-m1337626237od-w480_h360_x2.webp?w=1080&q=75, http://ap.rdcpix.com/e1514ab7eb80beec70d32324635f60e9l-m1990910593od-w480_h360_x2.webp?w=1080&q=75, http://ap.rdcpix.com/e1514ab7eb80beec70d32324635f60e9l-m3583456283od-w480_h360_x2.webp?w=1080&q=75, http://ap.rdcpix.com/e1514ab7eb80beec70d32324635f60e9l-m2382813447od-w480_h360_x2.webp?w=1080&q=75, http://ap.rdcpix.com/e1514ab7eb80beec70d32324635f60e9l-m2122644883od-w480_h360_x2.webp?w=1080&q=75, http://ap.rdcpix.com/e1514ab7eb80beec70d32324635f60e9l-m2075318648od-w480_h360_x2.webp?w=1080&q=75, http://ap.rdcpix.com/e1514ab7eb80beec70d32324635f60e9l-m4209032081od-w480_h360_x2.webp?w=1080&q=75, http://ap.rdcpix.com/e1514ab7eb80beec70d32324635f60e9l-m691903981od-w480_h360_x2.webp?w=1080&q=75, http://ap.rdcpix.com/e1514ab7eb80beec70d32324635f60e9l-m1712398066od-w480_h360_x2.webp?w=1080&q=75, http://ap.rdcpix.com/e1514ab7eb80beec70d32324635f60e9l-m1661536983od-w480_h360_x2.webp?w=1080&q=75, http://ap.rdcpix.com/e1514ab7eb80beec70d32324635f60e9l-m1664252988od-w480_h360_x2.webp?w=1080&q=75, http://ap.rdcpix.com/e1514ab7eb80beec70d32324635f60e9l-m998020930od-w480_h360_x2.webp?w=1080&q=75, http://ap.rdcpix.com/e1514ab7eb80beec70d32324635f60e9l-m1376667726od-w480_h360_x2.webp?w=1080&q=75, http://ap.rdcpix.com/e1514ab7eb80beec70d32324635f60e9l-m1787136406od-w480_h360_x2.webp?w=1080&q=75, http://ap.rdcpix.com/e1514ab7eb80beec70d32324635f60e9l-m647692736od-w480_h360_x2.webp?w=1080&q=75, http://ap.rdcpix.com/e1514ab7eb80beec70d32324635f60e9l-m3962394590od-w480_h360_x2.webp?w=1080&q=75, http://ap.rdcpix.com/e1514ab7eb80beec70d32324635f60e9l-m4163702774od-w480_h360_x2.webp?w=1080&q=75, http://ap.rdcpix.com/e1514ab7eb80beec70d32324635f60e9l-m4131197663od-w480_h360_x2.webp?w=1080&q=75, http://ap.rdcpix.com/e1514ab7eb80beec70d32324635f60e9l-m2181698781od-w480_h360_x2.webp?w=1080&q=75, http://ap.rdcpix.com/e1514ab7eb80beec70d32324635f60e9l-m2879753805od-w480_h360_x2.webp?w=1080&q=75, http://ap.rdcpix.com/e1514ab7eb80beec70d32324635f60e9l-m431672154od-w480_h360_x2.webp?w=1080&q=75, http://ap.rdcpix.com/e1514ab7eb80beec70d32324635f60e9l-m1570478803od-w480_h360_x2.webp?w=1080&q=75"
https://www.realtor.com/realestateandhomes-detail/1273274953,MRCA,CV22049304,SOLD,"PRIDE OF OWNERSHIP IN THIS CHARMING TURNKEY IRWINDALE HOME!! As you enter this five-bedroom (four-bedroom per tax roll), two full bath home, you will be greeted by the spacious living/dining area with Brazilian Cherry Wood floors. Next, you have the living room with a wood/gas-burning fireplace. The kitchen has custom cabinets, granite countertops, recessed lighting, and travertine floors. Four good-sized bedrooms, including an en suite Master Bedroom. The Master bathroom has a separate bathtub and walk-in tiled shower, granite countertops with dual vanity, and Kholer bowl-style sinks. The hall/guest bathroom has a walk-in shower with a bench and granite countertops. Custom linen closet in the hallway. The garage has finished walls and a room conversion for added living space (can be converted back to garage). Recessed lighting throughout. Good sized yard with extended Alumawood patio cover with recessed lighting and ceiling fans. Lastly, use energy liberally as this home has solar panels (leased). Don't miss out on this great opportunity to own in Irwindale. Check out the City of Irwindale's website for resident benefits like childcare and prescription drugs discounts.",SINGLE_FAMILY,16038 Peppertree Ln,16038 Peppertree Ln,,Irwindale,CA,91706,4,2,,1677,1995,,770000,2023-03-03,800000,2022-04-06,832319,885778,6683,477,34.101827,-117.932808,Irwindale Center,Los Angeles,06037,1,0,2,Rex A. Rhorer,rex@kaleorealestate.com,"[{'number': '6266255246', 'type': 'Mobile', 'ext': '', 'primary': True}, {'number': '6266092130', 'type': 'Office', 'ext': '', 'primary': True}]",,,,Covina-Valley Unified School District,http://ap.rdcpix.com/0cd2dbfc17ce4078efb7244565765c2el-m3965390803od-w480_h360_x2.webp?w=1080&q=75,"http://ap.rdcpix.com/0cd2dbfc17ce4078efb7244565765c2el-m3965390803od-w480_h360_x2.webp?w=1080&q=75, http://ap.rdcpix.com/0cd2dbfc17ce4078efb7244565765c2el-m3460961624od-w480_h360_x2.webp?w=1080&q=75, http://ap.rdcpix.com/0cd2dbfc17ce4078efb7244565765c2el-m3210755281od-w480_h360_x2.webp?w=1080&q=75, http://ap.rdcpix.com/0cd2dbfc17ce4078efb7244565765c2el-m4043393995od-w480_h360_x2.webp?w=1080&q=75, http://ap.rdcpix.com/0cd2dbfc17ce4078efb7244565765c2el-m3219654391od-w480_h360_x2.webp?w=1080&q=75, http://ap.rdcpix.com/0cd2dbfc17ce4078efb7244565765c2el-m3753590028od-w480_h360_x2.webp?w=1080&q=75, http://ap.rdcpix.com/0cd2dbfc17ce4078efb7244565765c2el-m3553369316od-w480_h360_x2.webp?w=1080&q=75, http://ap.rdcpix.com/0cd2dbfc17ce4078efb7244565765c2el-m2196957359od-w480_h360_x2.webp?w=1080&q=75, http://ap.rdcpix.com/0cd2dbfc17ce4078efb7244565765c2el-m451196648od-w480_h360_x2.webp?w=1080&q=75, http://ap.rdcpix.com/0cd2dbfc17ce4078efb7244565765c2el-m2215901379od-w480_h360_x2.webp?w=1080&q=75, http://ap.rdcpix.com/0cd2dbfc17ce4078efb7244565765c2el-m2491904486od-w480_h360_x2.webp?w=1080&q=75, http://ap.rdcpix.com/0cd2dbfc17ce4078efb7244565765c2el-m178569496od-w480_h360_x2.webp?w=1080&q=75, http://ap.rdcpix.com/0cd2dbfc17ce4078efb7244565765c2el-m2272557651od-w480_h360_x2.webp?w=1080&q=75, http://ap.rdcpix.com/0cd2dbfc17ce4078efb7244565765c2el-m1722795857od-w480_h360_x2.webp?w=1080&q=75, http://ap.rdcpix.com/0cd2dbfc17ce4078efb7244565765c2el-m2977051725od-w480_h360_x2.webp?w=1080&q=75, http://ap.rdcpix.com/0cd2dbfc17ce4078efb7244565765c2el-m2927005260od-w480_h360_x2.webp?w=1080&q=75, http://ap.rdcpix.com/0cd2dbfc17ce4078efb7244565765c2el-m3550179514od-w480_h360_x2.webp?w=1080&q=75, http://ap.rdcpix.com/0cd2dbfc17ce4078efb7244565765c2el-m859148739od-w480_h360_x2.webp?w=1080&q=75, http://ap.rdcpix.com/0cd2dbfc17ce4078efb7244565765c2el-m1570541201od-w480_h360_x2.webp?w=1080&q=75, http://ap.rdcpix.com/0cd2dbfc17ce4078efb7244565765c2el-m1297202692od-w480_h360_x2.webp?w=1080&q=75, http://ap.rdcpix.com/0cd2dbfc17ce4078efb7244565765c2el-m3155497479od-w480_h360_x2.webp?w=1080&q=75, http://ap.rdcpix.com/0cd2dbfc17ce4078efb7244565765c2el-m2639396548od-w480_h360_x2.webp?w=1080&q=75, http://ap.rdcpix.com/0cd2dbfc17ce4078efb7244565765c2el-m1196513763od-w480_h360_x2.webp?w=1080&q=75, http://ap.rdcpix.com/0cd2dbfc17ce4078efb7244565765c2el-m673130875od-w480_h360_x2.webp?w=1080&q=75, http://ap.rdcpix.com/0cd2dbfc17ce4078efb7244565765c2el-m252440182od-w480_h360_x2.webp?w=1080&q=75, http://ap.rdcpix.com/0cd2dbfc17ce4078efb7244565765c2el-m3336521206od-w480_h360_x2.webp?w=1080&q=75, http://ap.rdcpix.com/0cd2dbfc17ce4078efb7244565765c2el-m314717754od-w480_h360_x2.webp?w=1080&q=75, http://ap.rdcpix.com/0cd2dbfc17ce4078efb7244565765c2el-m3966027194od-w480_h360_x2.webp?w=1080&q=75, http://ap.rdcpix.com/0cd2dbfc17ce4078efb7244565765c2el-m3546797899od-w480_h360_x2.webp?w=1080&q=75, http://ap.rdcpix.com/0cd2dbfc17ce4078efb7244565765c2el-m902647846od-w480_h360_x2.webp?w=1080&q=75, http://ap.rdcpix.com/0cd2dbfc17ce4078efb7244565765c2el-m487315746od-w480_h360_x2.webp?w=1080&q=75, http://ap.rdcpix.com/0cd2dbfc17ce4078efb7244565765c2el-m3791502201od-w480_h360_x2.webp?w=1080&q=75"
https://www.realtor.com/realestateandhomes-detail/1213351317,MRCA,DW21267842,SOLD,"WONDERFUL 4 BEDROOM HOME LOCATED IN IRWINDALE INCLUDES LIVING ROOM WITH COFFERED CEILING & SKYLIGHT, KITCHEN HAS BREAKFAST COUNTER, EATING AREA, AND LOTS OF COUNTER SPACE. KITCHEN IS OPEN TO THE FAMILY ROOM, THERE IS A SEPARATE LAUNDRY ROOM OFF THE KITCHEN. MASTER BEDROOM HAS CEILING FAN AND MASTER BATHROOM INCLUDES LARGE TUB. THERE IS A DRIVEWAY EASEMENT ON THE RIGHT SIDE OF THE PROPERTY THAT GOES TO A BACK LOT. LEFT SIDE DRIVEWAY HAS ROOM FOR RV PARKING PLUS 3 CAR SPACES.",SINGLE_FAMILY,4648 Nora Ave,4648 Nora Ave,,Irwindale,CA,91706,4,1,,1416,1994,,599999,2023-06-06,625000,2022-03-25,650250,768000,7235,441,34.097496,-117.937262,Nora-Fraijo,Los Angeles,06037,1,0,,Jeanet Salazar,jeanet.salazar@gmail.com,"[{'number': '3233563638', 'type': 'Mobile', 'ext': '', 'primary': True}, {'number': '5629656663', 'type': 'Office', 'ext': '', 'primary': True}]",,,,"East San Gabriel Valley Rop School District, Covina-Valley Unified School District",http://ap.rdcpix.com/dd5e76bbfa6d34dbc24fb50ab06244b8l-b1621984575od-w480_h360_x2.webp?w=1080&q=75,"http://ap.rdcpix.com/dd5e76bbfa6d34dbc24fb50ab06244b8l-b1621984575od-w480_h360_x2.webp?w=1080&q=75, http://ap.rdcpix.com/dd5e76bbfa6d34dbc24fb50ab06244b8l-b1860278202od-w480_h360_x2.webp?w=1080&q=75, http://ap.rdcpix.com/dd5e76bbfa6d34dbc24fb50ab06244b8l-b1380175418od-w480_h360_x2.webp?w=1080&q=75, http://ap.rdcpix.com/dd5e76bbfa6d34dbc24fb50ab06244b8l-b3636541227od-w480_h360_x2.webp?w=1080&q=75, http://ap.rdcpix.com/dd5e76bbfa6d34dbc24fb50ab06244b8l-b3556375757od-w480_h360_x2.webp?w=1080&q=75, http://ap.rdcpix.com/dd5e76bbfa6d34dbc24fb50ab06244b8l-b3173596276od-w480_h360_x2.webp?w=1080&q=75, http://ap.rdcpix.com/dd5e76bbfa6d34dbc24fb50ab06244b8l-b4255987279od-w480_h360_x2.webp?w=1080&q=75, http://ap.rdcpix.com/dd5e76bbfa6d34dbc24fb50ab06244b8l-b599989376od-w480_h360_x2.webp?w=1080&q=75"
https://www.realtor.com/realestateandhomes-detail/1353769389,WECA,19-487748,SOLD,Great Opportunity for an Investor or First time buyer to get a GREAT DEAL on a very rare property in the city of Irwindale. 3 Bedroom 2 bath fixer is ready for your personal touch to make this property your own. Detached Garage original wood floors. Great opportunity for a Live work environment.,SINGLE_FAMILY,5103 Irwindale Ave,5103 Irwindale Ave,,Irwindale,CA,91706,3,1,,1528,1948,,380000,2021-03-02,380000,2020-09-09,318361,714000,4069,249,34.105332,-117.934435,Hidalgo-Juarez,Los Angeles,06037,,0,2,,,,,,,Covina-Valley Unified School District,http://ap.rdcpix.com/62ad85479017ac044bfc2b91a2b655c1l-m2892076558od-w480_h360_x2.webp?w=1080&q=75,http://ap.rdcpix.com/62ad85479017ac044bfc2b91a2b655c1l-m2892076558od-w480_h360_x2.webp?w=1080&q=75
https://www.realtor.com/realestateandhomes-detail/2547358944,MRCA,MB20052424,SOLD,"This is a great 1988 built property located in a very nice and quiet neighborhood track of Duarte includes a private back yard with an entertainment are with a bar and a custom built life size playhouse. It also features 3 bedrooms 2 bathroom, 1, 398 square feet sitting on 7, 311 square foot lot combined on two parcels. Floor plan is superb with no steps. Fireplace in cozy living room. Lots of upgrades with exquisite attention to detail and great taste. Hardwood floors throughout. Formal living room with a fireplace and formal dining room. Granite counter tops. 2 car spacious garage with plenty of driveway and street parking. Nice, quiet and private backyard with mountain views with an entertainment area. The privacy created by the Cul-de-sac ads one more great benefit to this property. Located within a short distance to all shopping including transportation, restaurants, schools, parks, home depot, Starbucks, a few minutes away from the 210 and 605 freeways with easy access to the 10 freeway. The location, the condition, the schools and the parks make this property a great property to start a family with and/or start or grow your real estate portfolio. Don't miss the opportunity to own this hard to find gem of property. Set up access and judge for your self.",SINGLE_FAMILY,2426 Ruelas St,2426 Ruelas St,,Duarte,CA,91010,3,2,,1398,1988,,619000,2023-03-03,640000,2021-02-12,456319,829400,7311,458,34.120613,-117.988288,Mountain-Meridian,Los Angeles,06037,1,0,2,,,,,,,Duarte Unified School District,http://ap.rdcpix.com/3533a6402a7eecf97f48aae409ec120cl-m2081709038od-w480_h360_x2.webp?w=1080&q=75,"http://ap.rdcpix.com/3533a6402a7eecf97f48aae409ec120cl-m2081709038od-w480_h360_x2.webp?w=1080&q=75, http://ap.rdcpix.com/3533a6402a7eecf97f48aae409ec120cl-m2843220952od-w480_h360_x2.webp?w=1080&q=75, http://ap.rdcpix.com/3533a6402a7eecf97f48aae409ec120cl-m899555697od-w480_h360_x2.webp?w=1080&q=75, http://ap.rdcpix.com/3533a6402a7eecf97f48aae409ec120cl-m401847413od-w480_h360_x2.webp?w=1080&q=75, http://ap.rdcpix.com/3533a6402a7eecf97f48aae409ec120cl-m1844430595od-w480_h360_x2.webp?w=1080&q=75, http://ap.rdcpix.com/3533a6402a7eecf97f48aae409ec120cl-m3721796537od-w480_h360_x2.webp?w=1080&q=75, http://ap.rdcpix.com/3533a6402a7eecf97f48aae409ec120cl-m2083299335od-w480_h360_x2.webp?w=1080&q=75, http://ap.rdcpix.com/3533a6402a7eecf97f48aae409ec120cl-m3876909234od-w480_h360_x2.webp?w=1080&q=75, http://ap.rdcpix.com/3533a6402a7eecf97f48aae409ec120cl-m2888675325od-w480_h360_x2.webp?w=1080&q=75, http://ap.rdcpix.com/3533a6402a7eecf97f48aae409ec120cl-m4163283773od-w480_h360_x2.webp?w=1080&q=75, http://ap.rdcpix.com/3533a6402a7eecf97f48aae409ec120cl-m1792622274od-w480_h360_x2.webp?w=1080&q=75, http://ap.rdcpix.com/3533a6402a7eecf97f48aae409ec120cl-m3552027697od-w480_h360_x2.webp?w=1080&q=75, http://ap.rdcpix.com/3533a6402a7eecf97f48aae409ec120cl-m2125133150od-w480_h360_x2.webp?w=1080&q=75, http://ap.rdcpix.com/3533a6402a7eecf97f48aae409ec120cl-m728465435od-w480_h360_x2.webp?w=1080&q=75, http://ap.rdcpix.com/3533a6402a7eecf97f48aae409ec120cl-m4150319175od-w480_h360_x2.webp?w=1080&q=75, http://ap.rdcpix.com/3533a6402a7eecf97f48aae409ec120cl-m3922183402od-w480_h360_x2.webp?w=1080&q=75, http://ap.rdcpix.com/3533a6402a7eecf97f48aae409ec120cl-m3655033462od-w480_h360_x2.webp?w=1080&q=75, http://ap.rdcpix.com/3533a6402a7eecf97f48aae409ec120cl-m4091889696od-w480_h360_x2.webp?w=1080&q=75, http://ap.rdcpix.com/3533a6402a7eecf97f48aae409ec120cl-m3342920299od-w480_h360_x2.webp?w=1080&q=75, http://ap.rdcpix.com/3533a6402a7eecf97f48aae409ec120cl-m214451538od-w480_h360_x2.webp?w=1080&q=75, http://ap.rdcpix.com/3533a6402a7eecf97f48aae409ec120cl-m3924577541od-w480_h360_x2.webp?w=1080&q=75, http://ap.rdcpix.com/3533a6402a7eecf97f48aae409ec120cl-m502440700od-w480_h360_x2.webp?w=1080&q=75, http://ap.rdcpix.com/3533a6402a7eecf97f48aae409ec120cl-m2198138282od-w480_h360_x2.webp?w=1080&q=75, http://ap.rdcpix.com/3533a6402a7eecf97f48aae409ec120cl-m2700033314od-w480_h360_x2.webp?w=1080&q=75, http://ap.rdcpix.com/3533a6402a7eecf97f48aae409ec120cl-m83213196od-w480_h360_x2.webp?w=1080&q=75, http://ap.rdcpix.com/3533a6402a7eecf97f48aae409ec120cl-m3659187091od-w480_h360_x2.webp?w=1080&q=75, http://ap.rdcpix.com/3533a6402a7eecf97f48aae409ec120cl-m637433325od-w480_h360_x2.webp?w=1080&q=75, http://ap.rdcpix.com/3533a6402a7eecf97f48aae409ec120cl-m2863264865od-w480_h360_x2.webp?w=1080&q=75, http://ap.rdcpix.com/3533a6402a7eecf97f48aae409ec120cl-m3403560966od-w480_h360_x2.webp?w=1080&q=75, http://ap.rdcpix.com/3533a6402a7eecf97f48aae409ec120cl-m3928590231od-w480_h360_x2.webp?w=1080&q=75, http://ap.rdcpix.com/3533a6402a7eecf97f48aae409ec120cl-m1987673047od-w480_h360_x2.webp?w=1080&q=75, http://ap.rdcpix.com/3533a6402a7eecf97f48aae409ec120cl-m1929216706od-w480_h360_x2.webp?w=1080&q=75, http://ap.rdcpix.com/3533a6402a7eecf97f48aae409ec120cl-m2220996995od-w480_h360_x2.webp?w=1080&q=75, http://ap.rdcpix.com/3533a6402a7eecf97f48aae409ec120cl-m514136134od-w480_h360_x2.webp?w=1080&q=75, http://ap.rdcpix.com/3533a6402a7eecf97f48aae409ec120cl-m2530857502od-w480_h360_x2.webp?w=1080&q=75, http://ap.rdcpix.com/3533a6402a7eecf97f48aae409ec120cl-m290987022od-w480_h360_x2.webp?w=1080&q=75, http://ap.rdcpix.com/3533a6402a7eecf97f48aae409ec120cl-m4126041996od-w480_h360_x2.webp?w=1080&q=75, http://ap.rdcpix.com/3533a6402a7eecf97f48aae409ec120cl-m3995521346od-w480_h360_x2.webp?w=1080&q=75, http://ap.rdcpix.com/3533a6402a7eecf97f48aae409ec120cl-m550220577od-w480_h360_x2.webp?w=1080&q=75, http://ap.rdcpix.com/3533a6402a7eecf97f48aae409ec120cl-m1374531413od-w480_h360_x2.webp?w=1080&q=75, http://ap.rdcpix.com/3533a6402a7eecf97f48aae409ec120cl-m1532628404od-w480_h360_x2.webp?w=1080&q=75, http://ap.rdcpix.com/3533a6402a7eecf97f48aae409ec120cl-m2450675274od-w480_h360_x2.webp?w=1080&q=75, http://ap.rdcpix.com/3533a6402a7eecf97f48aae409ec120cl-m4218153614od-w480_h360_x2.webp?w=1080&q=75, http://ap.rdcpix.com/3533a6402a7eecf97f48aae409ec120cl-m1067865430od-w480_h360_x2.webp?w=1080&q=75, http://ap.rdcpix.com/3533a6402a7eecf97f48aae409ec120cl-m2238985791od-w480_h360_x2.webp?w=1080&q=75, http://ap.rdcpix.com/3533a6402a7eecf97f48aae409ec120cl-m2970081901od-w480_h360_x2.webp?w=1080&q=75, http://ap.rdcpix.com/3533a6402a7eecf97f48aae409ec120cl-m1304085217od-w480_h360_x2.webp?w=1080&q=75, http://ap.rdcpix.com/3533a6402a7eecf97f48aae409ec120cl-m3601808426od-w480_h360_x2.webp?w=1080&q=75, http://ap.rdcpix.com/3533a6402a7eecf97f48aae409ec120cl-m463700130od-w480_h360_x2.webp?w=1080&q=75, http://ap.rdcpix.com/3533a6402a7eecf97f48aae409ec120cl-m2255615372od-w480_h360_x2.webp?w=1080&q=75, http://ap.rdcpix.com/3533a6402a7eecf97f48aae409ec120cl-m391375857od-w480_h360_x2.webp?w=1080&q=75, http://ap.rdcpix.com/3533a6402a7eecf97f48aae409ec120cl-m3125069623od-w480_h360_x2.webp?w=1080&q=75, http://ap.rdcpix.com/3533a6402a7eecf97f48aae409ec120cl-m1652777726od-w480_h360_x2.webp?w=1080&q=75, http://ap.rdcpix.com/3533a6402a7eecf97f48aae409ec120cl-m1151576518od-w480_h360_x2.webp?w=1080&q=75, http://ap.rdcpix.com/3533a6402a7eecf97f48aae409ec120cl-m1268869351od-w480_h360_x2.webp?w=1080&q=75, http://ap.rdcpix.com/3533a6402a7eecf97f48aae409ec120cl-m135297984od-w480_h360_x2.webp?w=1080&q=75, http://ap.rdcpix.com/3533a6402a7eecf97f48aae409ec120cl-m643604151od-w480_h360_x2.webp?w=1080&q=75"
https://www.realtor.com/realestateandhomes-detail/1312739586,MRCA,TR20047439,SOLD,"Excellent 1st time Buyer home or a down-size for a retired couple. This well maintained 3 bedroom 2 bath home with an upgraded kitchen, it also has new carpet and paint. The spacious back yard is perfect for entertaining. It has a Spa, Built in BBQ and large covered patio. The Kids/Grandkids will love the treehouse! City of Irwindale provides benefits for Residents and home owners. Call the Benefit Card or City of Irwindale for more details. Don't wait on this one, homes do not come on the market very often in this sub-division. Priced to sell!",SINGLE_FAMILY,16141 Peppertree Ln,16141 Peppertree Ln,,Irwindale,CA,91706,3,2,,1241,1988,,559900,2020-11-24,545000,2020-07-24,578357,757000,7590,439,34.102283,-117.93067,Irwindale Center,Los Angeles,06037,1,0,1,Stephen Giltner,markgiltner@icloud.com,"[{'number': '9092615415', 'type': 'Office', 'ext': '', 'primary': True}]",,,,Covina-Valley Unified School District,http://ap.rdcpix.com/6b9e85b6e78a95faf963185cc276917fl-m62268719od-w480_h360_x2.webp?w=1080&q=75,"http://ap.rdcpix.com/6b9e85b6e78a95faf963185cc276917fl-m62268719od-w480_h360_x2.webp?w=1080&q=75, http://ap.rdcpix.com/6b9e85b6e78a95faf963185cc276917fl-m2537321559od-w480_h360_x2.webp?w=1080&q=75, http://ap.rdcpix.com/6b9e85b6e78a95faf963185cc276917fl-m2978762497od-w480_h360_x2.webp?w=1080&q=75, http://ap.rdcpix.com/6b9e85b6e78a95faf963185cc276917fl-m1424557225od-w480_h360_x2.webp?w=1080&q=75, http://ap.rdcpix.com/6b9e85b6e78a95faf963185cc276917fl-m3085912468od-w480_h360_x2.webp?w=1080&q=75, http://ap.rdcpix.com/6b9e85b6e78a95faf963185cc276917fl-m1088584827od-w480_h360_x2.webp?w=1080&q=75, http://ap.rdcpix.com/6b9e85b6e78a95faf963185cc276917fl-m2240454439od-w480_h360_x2.webp?w=1080&q=75, http://ap.rdcpix.com/6b9e85b6e78a95faf963185cc276917fl-m2016747608od-w480_h360_x2.webp?w=1080&q=75, http://ap.rdcpix.com/6b9e85b6e78a95faf963185cc276917fl-m231751224od-w480_h360_x2.webp?w=1080&q=75, http://ap.rdcpix.com/6b9e85b6e78a95faf963185cc276917fl-m1416644868od-w480_h360_x2.webp?w=1080&q=75, http://ap.rdcpix.com/6b9e85b6e78a95faf963185cc276917fl-m4271674793od-w480_h360_x2.webp?w=1080&q=75, http://ap.rdcpix.com/6b9e85b6e78a95faf963185cc276917fl-m2041080503od-w480_h360_x2.webp?w=1080&q=75, http://ap.rdcpix.com/6b9e85b6e78a95faf963185cc276917fl-m3608929175od-w480_h360_x2.webp?w=1080&q=75, http://ap.rdcpix.com/6b9e85b6e78a95faf963185cc276917fl-m3056761272od-w480_h360_x2.webp?w=1080&q=75, http://ap.rdcpix.com/6b9e85b6e78a95faf963185cc276917fl-m944362724od-w480_h360_x2.webp?w=1080&q=75, http://ap.rdcpix.com/6b9e85b6e78a95faf963185cc276917fl-m554519402od-w480_h360_x2.webp?w=1080&q=75, http://ap.rdcpix.com/6b9e85b6e78a95faf963185cc276917fl-m2854349214od-w480_h360_x2.webp?w=1080&q=75, http://ap.rdcpix.com/6b9e85b6e78a95faf963185cc276917fl-m3643886892od-w480_h360_x2.webp?w=1080&q=75"
https://www.realtor.com/realestateandhomes-detail/1216071731,MRCA,CV20024004,SOLD,"AMAZING OPPORTUNITY - AMAZING LOCATION! Property is a currently a 2 bedroom, 1 bath home built in 1948 with lots of yard space. Front door entrance opens to the living room which leads to the kitchen and dining area. Laundry area and bathroom are behind the kitchen. There are 2 bedrooms and an extra storage room by the bedrooms. Large lot with lots of potential. RV access and parking with gate. City of Irwindale permits the building of Accessory Dwelling Units (ADU's)! Construct separate Mother-In-Law quarters or supplement your investment with a rental unit! The opportunities with owning this home are endless - Don't miss this opportunity! Call today to schedule an appointment.",SINGLE_FAMILY,4618 Fraijo Ave,4618 Fraijo Ave,,Irwindale,CA,91706,2,,,868,1947,,349900,2020-07-27,375000,2020-03-31,402072,640100,5373,432,34.09665,-117.938324,Nora-Fraijo,Los Angeles,06037,1,0,,Pierre Maajoun,pmaajoun@remax.net,"[{'number': '6265027653', 'type': 'Office', 'ext': '', 'primary': True}, {'number': '6265027653', 'type': 'Mobile', 'ext': '', 'primary': True}]",,,,"East San Gabriel Valley Rop School District, Covina-Valley Unified School District",http://ap.rdcpix.com/95f4f053967bdd0e9d2fc1e2b5858f3bl-m333709367od-w480_h360_x2.webp?w=1080&q=75,"http://ap.rdcpix.com/95f4f053967bdd0e9d2fc1e2b5858f3bl-m333709367od-w480_h360_x2.webp?w=1080&q=75, http://ap.rdcpix.com/95f4f053967bdd0e9d2fc1e2b5858f3bl-m3037402620od-w480_h360_x2.webp?w=1080&q=75, http://ap.rdcpix.com/95f4f053967bdd0e9d2fc1e2b5858f3bl-m3970839415od-w480_h360_x2.webp?w=1080&q=75, http://ap.rdcpix.com/95f4f053967bdd0e9d2fc1e2b5858f3bl-m864889283od-w480_h360_x2.webp?w=1080&q=75, http://ap.rdcpix.com/95f4f053967bdd0e9d2fc1e2b5858f3bl-m2693023709od-w480_h360_x2.webp?w=1080&q=75, http://ap.rdcpix.com/95f4f053967bdd0e9d2fc1e2b5858f3bl-m3409314878od-w480_h360_x2.webp?w=1080&q=75, http://ap.rdcpix.com/95f4f053967bdd0e9d2fc1e2b5858f3bl-m2453202914od-w480_h360_x2.webp?w=1080&q=75, http://ap.rdcpix.com/95f4f053967bdd0e9d2fc1e2b5858f3bl-m3972341783od-w480_h360_x2.webp?w=1080&q=75, http://ap.rdcpix.com/95f4f053967bdd0e9d2fc1e2b5858f3bl-m2637737086od-w480_h360_x2.webp?w=1080&q=75, http://ap.rdcpix.com/95f4f053967bdd0e9d2fc1e2b5858f3bl-m2668469105od-w480_h360_x2.webp?w=1080&q=75, http://ap.rdcpix.com/95f4f053967bdd0e9d2fc1e2b5858f3bl-m1007989821od-w480_h360_x2.webp?w=1080&q=75, http://ap.rdcpix.com/95f4f053967bdd0e9d2fc1e2b5858f3bl-m1124198051od-w480_h360_x2.webp?w=1080&q=75, http://ap.rdcpix.com/95f4f053967bdd0e9d2fc1e2b5858f3bl-m2584462099od-w480_h360_x2.webp?w=1080&q=75, http://ap.rdcpix.com/95f4f053967bdd0e9d2fc1e2b5858f3bl-m2821531226od-w480_h360_x2.webp?w=1080&q=75, http://ap.rdcpix.com/95f4f053967bdd0e9d2fc1e2b5858f3bl-m1097194286od-w480_h360_x2.webp?w=1080&q=75, http://ap.rdcpix.com/95f4f053967bdd0e9d2fc1e2b5858f3bl-m1125152703od-w480_h360_x2.webp?w=1080&q=75, http://ap.rdcpix.com/95f4f053967bdd0e9d2fc1e2b5858f3bl-m2857380754od-w480_h360_x2.webp?w=1080&q=75, http://ap.rdcpix.com/95f4f053967bdd0e9d2fc1e2b5858f3bl-m4171410693od-w480_h360_x2.webp?w=1080&q=75, http://ap.rdcpix.com/95f4f053967bdd0e9d2fc1e2b5858f3bl-m1196930980od-w480_h360_x2.webp?w=1080&q=75, http://ap.rdcpix.com/95f4f053967bdd0e9d2fc1e2b5858f3bl-m2612349915od-w480_h360_x2.webp?w=1080&q=75, http://ap.rdcpix.com/95f4f053967bdd0e9d2fc1e2b5858f3bl-m2819488642od-w480_h360_x2.webp?w=1080&q=75, http://ap.rdcpix.com/95f4f053967bdd0e9d2fc1e2b5858f3bl-m477175356od-w480_h360_x2.webp?w=1080&q=75, http://ap.rdcpix.com/95f4f053967bdd0e9d2fc1e2b5858f3bl-m2621781628od-w480_h360_x2.webp?w=1080&q=75, http://ap.rdcpix.com/95f4f053967bdd0e9d2fc1e2b5858f3bl-m312675580od-w480_h360_x2.webp?w=1080&q=75, http://ap.rdcpix.com/95f4f053967bdd0e9d2fc1e2b5858f3bl-m1640969273od-w480_h360_x2.webp?w=1080&q=75"
https://www.realtor.com/realestateandhomes-detail/1354104782,MRCA,CV21087003,SOLD,"Great home in a super location behind the city hall with community pool and park, this home has a 3 year old roof and A/C unit Newer windows Long drive way for extra parking.",SINGLE_FAMILY,16140 Progress Ln,16140 Progress Ln,,Baldwin Park,CA,91706,3,2,,1119,1964,,567000,2023-03-03,567000,2021-09-13,589906,708499,4801,507,34.103077,-117.930753,Irwindale Center,Los Angeles,06037,1,0,2,,,,,,,Covina-Valley Unified School District,http://ap.rdcpix.com/6c6cca402953f15978e7bbb07563c13cl-m3096618747od-w480_h360_x2.webp?w=1080&q=75,"http://ap.rdcpix.com/6c6cca402953f15978e7bbb07563c13cl-m3096618747od-w480_h360_x2.webp?w=1080&q=75, http://ap.rdcpix.com/6c6cca402953f15978e7bbb07563c13cl-m2293819101od-w480_h360_x2.webp?w=1080&q=75, http://ap.rdcpix.com/6c6cca402953f15978e7bbb07563c13cl-m1685094853od-w480_h360_x2.webp?w=1080&q=75, http://ap.rdcpix.com/6c6cca402953f15978e7bbb07563c13cl-m3363589016od-w480_h360_x2.webp?w=1080&q=75, http://ap.rdcpix.com/6c6cca402953f15978e7bbb07563c13cl-m4066227938od-w480_h360_x2.webp?w=1080&q=75, http://ap.rdcpix.com/6c6cca402953f15978e7bbb07563c13cl-m3874722974od-w480_h360_x2.webp?w=1080&q=75, http://ap.rdcpix.com/6c6cca402953f15978e7bbb07563c13cl-m3579128324od-w480_h360_x2.webp?w=1080&q=75, http://ap.rdcpix.com/6c6cca402953f15978e7bbb07563c13cl-m1089185161od-w480_h360_x2.webp?w=1080&q=75, http://ap.rdcpix.com/6c6cca402953f15978e7bbb07563c13cl-m4133977639od-w480_h360_x2.webp?w=1080&q=75, http://ap.rdcpix.com/6c6cca402953f15978e7bbb07563c13cl-m972846238od-w480_h360_x2.webp?w=1080&q=75, http://ap.rdcpix.com/6c6cca402953f15978e7bbb07563c13cl-m1711505644od-w480_h360_x2.webp?w=1080&q=75, http://ap.rdcpix.com/6c6cca402953f15978e7bbb07563c13cl-m3271127731od-w480_h360_x2.webp?w=1080&q=75, http://ap.rdcpix.com/6c6cca402953f15978e7bbb07563c13cl-m2738987525od-w480_h360_x2.webp?w=1080&q=75, http://ap.rdcpix.com/6c6cca402953f15978e7bbb07563c13cl-m2177515506od-w480_h360_x2.webp?w=1080&q=75, http://ap.rdcpix.com/6c6cca402953f15978e7bbb07563c13cl-m3520326219od-w480_h360_x2.webp?w=1080&q=75, http://ap.rdcpix.com/6c6cca402953f15978e7bbb07563c13cl-m442460013od-w480_h360_x2.webp?w=1080&q=75, http://ap.rdcpix.com/6c6cca402953f15978e7bbb07563c13cl-m2629291450od-w480_h360_x2.webp?w=1080&q=75, http://ap.rdcpix.com/6c6cca402953f15978e7bbb07563c13cl-m2545726998od-w480_h360_x2.webp?w=1080&q=75, http://ap.rdcpix.com/6c6cca402953f15978e7bbb07563c13cl-m1906396176od-w480_h360_x2.webp?w=1080&q=75, http://ap.rdcpix.com/6c6cca402953f15978e7bbb07563c13cl-m2081873241od-w480_h360_x2.webp?w=1080&q=75, http://ap.rdcpix.com/6c6cca402953f15978e7bbb07563c13cl-m3740345612od-w480_h360_x2.webp?w=1080&q=75, http://ap.rdcpix.com/6c6cca402953f15978e7bbb07563c13cl-m1112673111od-w480_h360_x2.webp?w=1080&q=75"
https://www.realtor.com/realestateandhomes-detail/1264778318,MRCA,AR16182970,SOLD,"FIXER - AS IS - Great potential!! Where are you going to find a 4 bedroom and 2 bath (both bathrooms have tubs), a master suite., built in 1995, for this price. It needs a lot of everything but there is a good floor plan and a large lot with a cinder block fenced backyard. Friendly well established neighborhood of like homes. Located close to both the 210 and 10 frwys. There is a large park with pool, tennis courts and ball field within walking distance of the home. BETTER HURRY!!!",SINGLE_FAMILY,16032 Peppertree Ln,16032 Peppertree Ln,,Irwindale,CA,91706,4,2,,1428,1995,35,390000,2016-08-24,412000,2016-09-28,468780,775230,7078,289,34.10183,-117.933023,Irwindale Center,Los Angeles,06037,1,,2,,,,,,,Covina-Valley Unified School District,http://ap.rdcpix.com/781237263/efb6e8f7095167d61ea118832e4b00f3l-m0od-w480_h360_x2.webp?w=1080&q=75,"http://ap.rdcpix.com/781237263/efb6e8f7095167d61ea118832e4b00f3l-m0od-w480_h360_x2.webp?w=1080&q=75, http://ap.rdcpix.com/43456180/efb6e8f7095167d61ea118832e4b00f3l-m1od-w480_h360_x2.webp?w=1080&q=75, http://ap.rdcpix.com/1103676910/efb6e8f7095167d61ea118832e4b00f3l-m2od-w480_h360_x2.webp?w=1080&q=75, http://ap.rdcpix.com/1251866376/efb6e8f7095167d61ea118832e4b00f3l-m3od-w480_h360_x2.webp?w=1080&q=75, http://ap.rdcpix.com/622575593/efb6e8f7095167d61ea118832e4b00f3l-m4od-w480_h360_x2.webp?w=1080&q=75, http://ap.rdcpix.com/937921272/efb6e8f7095167d61ea118832e4b00f3l-m5od-w480_h360_x2.webp?w=1080&q=75, http://ap.rdcpix.com/237359957/efb6e8f7095167d61ea118832e4b00f3l-m6od-w480_h360_x2.webp?w=1080&q=75, http://ap.rdcpix.com/1521033402/efb6e8f7095167d61ea118832e4b00f3l-m7od-w480_h360_x2.webp?w=1080&q=75, http://ap.rdcpix.com/1523205798/efb6e8f7095167d61ea118832e4b00f3l-m8od-w480_h360_x2.webp?w=1080&q=75"
https://www.realtor.com/realestateandhomes-detail/1346353466,MRCA,CV15118236,SOLD,"Desirable Irwindale!!!    Home features: 3Bd-2Ba, 2 Car garage with built in tool cabinets.   Long driveway fits up to 4 cars.   Cul-de-sac street.   Close to 210, 605, 10 Freeways.   Seller is looking for a FAST escrow.    DON'T MISS THIS OPPORTUNITY AND BRING YOUR BUYERS.",SINGLE_FAMILY,16144 Progress Ln,16144 Progress Ln,,Irwindale,CA,91706,3,2,,1119,1964,114,350000,2015-06-02,367000,2015-09-24,425930,691300,4800,328,34.103077,-117.93058,Irwindale Center,Los Angeles,06037,1,,2,GUADALUPE GARCIA RUGERIO,lupita@remaxleaders.net,"[{'number': '6268316991', 'type': 'Mobile', 'ext': '', 'primary': True}, {'number': '9098033400', 'type': 'Office', 'ext': '', 'primary': True}, {'number': '9098033444', 'type': 'Fax', 'ext': '', 'primary': False}]",,,,Covina-Valley Unified School District,http://p.rdcpix.com/v01/l490f4345-m0od-w480_h360_x2.webp?w=1080&q=75,"http://p.rdcpix.com/v01/l490f4345-m0od-w480_h360_x2.webp?w=1080&q=75, http://p.rdcpix.com/v01/l490f4345-m1od-w480_h360_x2.webp?w=1080&q=75, http://p.rdcpix.com/v01/l490f4345-m2od-w480_h360_x2.webp?w=1080&q=75, http://p.rdcpix.com/v01/l490f4345-m3od-w480_h360_x2.webp?w=1080&q=75"
https://www.realtor.com/realestateandhomes-detail/1695987000,MRCA,PW15126480,SOLD,"***Standard Sale - FHA/VA Ready*** MUST SEE! Remodeled in a quiet residential neighborhood. All new paint inside and out. Very spacious home with granite countertops in kitchen with washer/dryer hookups. New flooring. Beautiful dark wood laminate throughout living areas. All new landscaping from the front to the back yard.   Property was recently subdivided and new APN will be assigned briefly for this property.  Also, for sale is 4832 Baca, Irwindale. Please call for interest on Baca Ave property as well.",SINGLE_FAMILY,4847 Sabre Ln,4847 Sabre Ln,,Irwindale,CA,91706,2,1,,952,1965,81,349000,2015-06-11,350000,2015-08-31,406197,685000,6636,368,34.100658,-117.93288,Irwindale Center,Los Angeles,06037,1,,2,Timothy Lewis,timrlewis@gmail.com,"[{'number': '(562) 221-9392', 'type': 'Mobile', 'ext': None, 'primary': True}]",,,,Covina-Valley Unified School District,http://p.rdcpix.com/v01/l535f4745-m0od-w480_h360_x2.webp?w=1080&q=75,"http://p.rdcpix.com/v01/l535f4745-m0od-w480_h360_x2.webp?w=1080&q=75, http://p.rdcpix.com/v01/l535f4745-m1od-w480_h360_x2.webp?w=1080&q=75, http://p.rdcpix.com/v01/l535f4745-m2od-w480_h360_x2.webp?w=1080&q=75, http://p.rdcpix.com/v01/l535f4745-m3od-w480_h360_x2.webp?w=1080&q=75, http://p.rdcpix.com/v01/l535f4745-m4od-w480_h360_x2.webp?w=1080&q=75, http://p.rdcpix.com/v01/l535f4745-m5od-w480_h360_x2.webp?w=1080&q=75, http://p.rdcpix.com/v01/l535f4745-m6od-w480_h360_x2.webp?w=1080&q=75, http://p.rdcpix.com/v01/l535f4745-m7od-w480_h360_x2.webp?w=1080&q=75, http://p.rdcpix.com/v01/l535f4745-m8od-w480_h360_x2.webp?w=1080&q=75, http://p.rdcpix.com/v01/l535f4745-m9od-w480_h360_x2.webp?w=1080&q=75, http://p.rdcpix.com/v01/l535f4745-m10od-w480_h360_x2.webp?w=1080&q=75, http://p.rdcpix.com/v01/l535f4745-m11od-w480_h360_x2.webp?w=1080&q=75, http://p.rdcpix.com/v01/l535f4745-m12od-w480_h360_x2.webp?w=1080&q=75, http://p.rdcpix.com/v01/l535f4745-m13od-w480_h360_x2.webp?w=1080&q=75, http://p.rdcpix.com/v01/l535f4745-m14od-w480_h360_x2.webp?w=1080&q=75"
https://www.realtor.com/realestateandhomes-detail/1621640132,MRCA,CV20149627,SOLD,"Great 4 bedroom cul-de-sac home, located in desirable Irwindale with lots of charm. Conveniently located close to freeways and shopping, this home features 1, 300 square feet and an open floor plan. Enter into a spacious Family room followed by Large living room with a fireplace. Hardwood floors run throughout the home, with laminate in the kitchen. A brand new AC unit was installed just 2 months ago to help beat the summer heat!! The back patio features a large shed for storage. Don't miss this opportunity!",SINGLE_FAMILY,5218 Morada St,5218 Morada St,,Irwindale,CA,91706,4,2,1,1302,1963,,479950,2021-02-13,485000,2020-10-01,514684,704665,4064,373,34.107507,-117.927921,Morada Street,Los Angeles,06037,1,0,,Jacob Bash,jbash003@gmail.com,"[{'number': '8888621194', 'type': 'Office', 'ext': '', 'primary': True}, {'number': '8888621194', 'type': 'Mobile', 'ext': '', 'primary': True}]",,,,"East San Gabriel Valley Rop School District, Azusa Unified School District",http://ap.rdcpix.com/af68571b2f8b5a3b56fff78e9263d2e0l-m4144282895od-w480_h360_x2.webp?w=1080&q=75,"http://ap.rdcpix.com/af68571b2f8b5a3b56fff78e9263d2e0l-m4144282895od-w480_h360_x2.webp?w=1080&q=75, http://ap.rdcpix.com/af68571b2f8b5a3b56fff78e9263d2e0l-m447986296od-w480_h360_x2.webp?w=1080&q=75, http://ap.rdcpix.com/af68571b2f8b5a3b56fff78e9263d2e0l-m3706127723od-w480_h360_x2.webp?w=1080&q=75, http://ap.rdcpix.com/af68571b2f8b5a3b56fff78e9263d2e0l-m2643298666od-w480_h360_x2.webp?w=1080&q=75, http://ap.rdcpix.com/af68571b2f8b5a3b56fff78e9263d2e0l-m2853669373od-w480_h360_x2.webp?w=1080&q=75, http://ap.rdcpix.com/af68571b2f8b5a3b56fff78e9263d2e0l-m4034503247od-w480_h360_x2.webp?w=1080&q=75, http://ap.rdcpix.com/af68571b2f8b5a3b56fff78e9263d2e0l-m619357955od-w480_h360_x2.webp?w=1080&q=75, http://ap.rdcpix.com/af68571b2f8b5a3b56fff78e9263d2e0l-m1507222592od-w480_h360_x2.webp?w=1080&q=75, http://ap.rdcpix.com/af68571b2f8b5a3b56fff78e9263d2e0l-m462755026od-w480_h360_x2.webp?w=1080&q=75, http://ap.rdcpix.com/af68571b2f8b5a3b56fff78e9263d2e0l-m2832353930od-w480_h360_x2.webp?w=1080&q=75, http://ap.rdcpix.com/af68571b2f8b5a3b56fff78e9263d2e0l-m3477457708od-w480_h360_x2.webp?w=1080&q=75, http://ap.rdcpix.com/af68571b2f8b5a3b56fff78e9263d2e0l-m3203051636od-w480_h360_x2.webp?w=1080&q=75, http://ap.rdcpix.com/af68571b2f8b5a3b56fff78e9263d2e0l-m903773472od-w480_h360_x2.webp?w=1080&q=75, http://ap.rdcpix.com/af68571b2f8b5a3b56fff78e9263d2e0l-m1149706384od-w480_h360_x2.webp?w=1080&q=75, http://ap.rdcpix.com/af68571b2f8b5a3b56fff78e9263d2e0l-m2716135277od-w480_h360_x2.webp?w=1080&q=75, http://ap.rdcpix.com/af68571b2f8b5a3b56fff78e9263d2e0l-m1114671856od-w480_h360_x2.webp?w=1080&q=75, http://ap.rdcpix.com/af68571b2f8b5a3b56fff78e9263d2e0l-m2744179318od-w480_h360_x2.webp?w=1080&q=75, http://ap.rdcpix.com/af68571b2f8b5a3b56fff78e9263d2e0l-m3309926575od-w480_h360_x2.webp?w=1080&q=75, http://ap.rdcpix.com/af68571b2f8b5a3b56fff78e9263d2e0l-m4083255709od-w480_h360_x2.webp?w=1080&q=75, http://ap.rdcpix.com/af68571b2f8b5a3b56fff78e9263d2e0l-m564484079od-w480_h360_x2.webp?w=1080&q=75, http://ap.rdcpix.com/af68571b2f8b5a3b56fff78e9263d2e0l-m2250269960od-w480_h360_x2.webp?w=1080&q=75"
https://www.realtor.com/realestateandhomes-detail/1565892758,MRCA,CV16049972,SOLD,"SPACIOUS RARELY AVAILABLE IRWINDALE HOME!!!     Walk Inside This Spacious Single-Story Home Near Santa Fe Dam Recreation Area And Feel Welcomed Home Instantly. Appreciate The Updated Kitchen, Beautiful Floors, Open Floor Plan And Warm Paint Color From The Front Entry. Large Master Bedroom With Gorgeous En-Suite Bathroom Along With Three More Large Bedrooms Makes This Home Ideal For Any Family. Outside Is A Little Maintenance Yard With A Relaxing Fire Pit To Enjoy.    City of Irwindale Is A Great City To Live In. The City Has A Lot Of Benefits For Their Residents: For Example The Thrash Service Is Free, Discounted Medical Prescription And Eye-Wear. Discounted Fares To Theme Parks, And Entertainment. Check With The City For Other Benefits. No Other City in Los Angeles County Offers Such Benefits To Their Residents.",SINGLE_FAMILY,16015 Martinez St,16015 Martinez St,,Irwindale,CA,91706,4,2,,1862,2005,156,499900,2016-03-09,499000,2016-08-12,567770,870000,6988,268,34.10154,-117.934001,Irwindale Center,Los Angeles,06037,1,,2,LUIS SEQUEIRA,luiss@remax.net,"[{'number': '(626) 826-5988', 'type': 'Home', 'ext': '', 'primary': True}]",,,,"East San Gabriel Valley Rop School District, Covina-Valley Unified School District",http://ap.rdcpix.com/283716612/0292f0da57e4fe6a7dec192711d1d9b4l-m0od-w480_h360_x2.webp?w=1080&q=75,"http://ap.rdcpix.com/283716612/0292f0da57e4fe6a7dec192711d1d9b4l-m0od-w480_h360_x2.webp?w=1080&q=75, http://ap.rdcpix.com/2134664524/0292f0da57e4fe6a7dec192711d1d9b4l-m1od-w480_h360_x2.webp?w=1080&q=75, http://ap.rdcpix.com/413207490/0292f0da57e4fe6a7dec192711d1d9b4l-m2od-w480_h360_x2.webp?w=1080&q=75, http://ap.rdcpix.com/1554764464/0292f0da57e4fe6a7dec192711d1d9b4l-m3od-w480_h360_x2.webp?w=1080&q=75, http://ap.rdcpix.com/115703260/0292f0da57e4fe6a7dec192711d1d9b4l-m4od-w480_h360_x2.webp?w=1080&q=75, http://ap.rdcpix.com/1666303019/0292f0da57e4fe6a7dec192711d1d9b4l-m5od-w480_h360_x2.webp?w=1080&q=75, http://ap.rdcpix.com/1626828630/0292f0da57e4fe6a7dec192711d1d9b4l-m6od-w480_h360_x2.webp?w=1080&q=75, http://ap.rdcpix.com/393458229/0292f0da57e4fe6a7dec192711d1d9b4l-m7od-w480_h360_x2.webp?w=1080&q=75, http://ap.rdcpix.com/274271285/0292f0da57e4fe6a7dec192711d1d9b4l-m8od-w480_h360_x2.webp?w=1080&q=75, http://ap.rdcpix.com/765313674/0292f0da57e4fe6a7dec192711d1d9b4l-m9od-w480_h360_x2.webp?w=1080&q=75, http://ap.rdcpix.com/1122436079/0292f0da57e4fe6a7dec192711d1d9b4l-m10od-w480_h360_x2.webp?w=1080&q=75, http://ap.rdcpix.com/1391182315/0292f0da57e4fe6a7dec192711d1d9b4l-m11od-w480_h360_x2.webp?w=1080&q=75, http://ap.rdcpix.com/1135417279/0292f0da57e4fe6a7dec192711d1d9b4l-m12od-w480_h360_x2.webp?w=1080&q=75, http://ap.rdcpix.com/218766181/0292f0da57e4fe6a7dec192711d1d9b4l-m13od-w480_h360_x2.webp?w=1080&q=75, http://ap.rdcpix.com/1589400587/0292f0da57e4fe6a7dec192711d1d9b4l-m14od-w480_h360_x2.webp?w=1080&q=75, http://ap.rdcpix.com/827285927/0292f0da57e4fe6a7dec192711d1d9b4l-m15od-w480_h360_x2.webp?w=1080&q=75, http://ap.rdcpix.com/874484481/0292f0da57e4fe6a7dec192711d1d9b4l-m16od-w480_h360_x2.webp?w=1080&q=75, http://ap.rdcpix.com/976736263/0292f0da57e4fe6a7dec192711d1d9b4l-m17od-w480_h360_x2.webp?w=1080&q=75"
https://www.realtor.com/realestateandhomes-detail/9011278697,MRCA,CV20059211,SOLD,,LAND,2511 Buena Vista St,2511 Buena Vista St,,Irwindale,CA,91010,,,,,,,950000,2021-02-13,850000,2020-10-01,902026,1297000,22642,,34.119418,-117.982488,,Los Angeles,06037,,0,,Daniel Daher,danield2970@gmail.com,"[{'number': '(909) 224-2345', 'type': 'Mobile', 'ext': None, 'primary': True}]",,,,Duarte Unified School District,http://ap.rdcpix.com/259347875be7570e243fa7a2477925fel-m428774139od-w480_h360_x2.webp?w=1080&q=75,"http://ap.rdcpix.com/259347875be7570e243fa7a2477925fel-m428774139od-w480_h360_x2.webp?w=1080&q=75, http://ap.rdcpix.com/259347875be7570e243fa7a2477925fel-m3260275820od-w480_h360_x2.webp?w=1080&q=75, http://ap.rdcpix.com/259347875be7570e243fa7a2477925fel-m2021153491od-w480_h360_x2.webp?w=1080&q=75, http://ap.rdcpix.com/259347875be7570e243fa7a2477925fel-m3494959624od-w480_h360_x2.webp?w=1080&q=75, http://ap.rdcpix.com/259347875be7570e243fa7a2477925fel-m2462246269od-w480_h360_x2.webp?w=1080&q=75, http://ap.rdcpix.com/259347875be7570e243fa7a2477925fel-m3839848539od-w480_h360_x2.webp?w=1080&q=75"
https://www.realtor.com/realestateandhomes-detail/1302715048,MRCA,WS16106691,SOLD,"REMODELED, TURN KEY, NEW INTERIOR AND EXTERIOR PAINT, NEW KITCHEN AND RESTROOM CABINETS WITH GRANITE COUNTER TOP, STAINLESS STEEL APPLIANCE, NEW TILE AND WOOD FLOOR, NEW DUAL PANE WINDOWS, SELLER WILL INSTALL NEW CENTRAL HEATING & AIR CONDITION SYSTEM, CEILING FANS IN ALL ROOMS; ACROSS STREET FROM PARK WITH SWIMMING POOL, POLICE STATION, RECREATION CENTER, TENNIS COURTS, PLAYGROUND, and LIBRARY.    See virtual tour link",SINGLE_FAMILY,16160 Calle De Paseo,16160 Calle De Paseo,,Irwindale,CA,91706,3,2,,1417,1964,33,446000,2016-05-18,430000,2016-06-20,499044,751500,4804,303,34.103692,-117.930046,Irwindale Center,Los Angeles,06037,1,,2,,,,,,,Covina-Valley Unified School District,http://ap.rdcpix.com/2124838379/dc5c12254ad9c18794bc4c4753b11ad2l-m0od-w480_h360_x2.webp?w=1080&q=75,"http://ap.rdcpix.com/2124838379/dc5c12254ad9c18794bc4c4753b11ad2l-m0od-w480_h360_x2.webp?w=1080&q=75, http://ap.rdcpix.com/898093572/dc5c12254ad9c18794bc4c4753b11ad2l-m1od-w480_h360_x2.webp?w=1080&q=75, http://ap.rdcpix.com/1716316080/dc5c12254ad9c18794bc4c4753b11ad2l-m2od-w480_h360_x2.webp?w=1080&q=75, http://ap.rdcpix.com/239520985/dc5c12254ad9c18794bc4c4753b11ad2l-m3od-w480_h360_x2.webp?w=1080&q=75, http://ap.rdcpix.com/140249088/dc5c12254ad9c18794bc4c4753b11ad2l-m4od-w480_h360_x2.webp?w=1080&q=75, http://ap.rdcpix.com/2134892462/dc5c12254ad9c18794bc4c4753b11ad2l-m5od-w480_h360_x2.webp?w=1080&q=75, http://ap.rdcpix.com/816844280/dc5c12254ad9c18794bc4c4753b11ad2l-m6od-w480_h360_x2.webp?w=1080&q=75, http://ap.rdcpix.com/1867221456/dc5c12254ad9c18794bc4c4753b11ad2l-m7od-w480_h360_x2.webp?w=1080&q=75, http://ap.rdcpix.com/1736523477/dc5c12254ad9c18794bc4c4753b11ad2l-m8od-w480_h360_x2.webp?w=1080&q=75, http://ap.rdcpix.com/1643311306/dc5c12254ad9c18794bc4c4753b11ad2l-m9od-w480_h360_x2.webp?w=1080&q=75, http://ap.rdcpix.com/1261363316/dc5c12254ad9c18794bc4c4753b11ad2l-m10od-w480_h360_x2.webp?w=1080&q=75, http://ap.rdcpix.com/107696554/dc5c12254ad9c18794bc4c4753b11ad2l-m11od-w480_h360_x2.webp?w=1080&q=75, http://ap.rdcpix.com/1522897822/dc5c12254ad9c18794bc4c4753b11ad2l-m12od-w480_h360_x2.webp?w=1080&q=75, http://ap.rdcpix.com/715383940/dc5c12254ad9c18794bc4c4753b11ad2l-m13od-w480_h360_x2.webp?w=1080&q=75, http://ap.rdcpix.com/1975515956/dc5c12254ad9c18794bc4c4753b11ad2l-m14od-w480_h360_x2.webp?w=1080&q=75, http://ap.rdcpix.com/1547504766/dc5c12254ad9c18794bc4c4753b11ad2l-m15od-w480_h360_x2.webp?w=1080&q=75, http://ap.rdcpix.com/182092268/dc5c12254ad9c18794bc4c4753b11ad2l-m16od-w480_h360_x2.webp?w=1080&q=75, http://ap.rdcpix.com/440304693/dc5c12254ad9c18794bc4c4753b11ad2l-m17od-w480_h360_x2.webp?w=1080&q=75, http://ap.rdcpix.com/120966715/dc5c12254ad9c18794bc4c4753b11ad2l-m18od-w480_h360_x2.webp?w=1080&q=75, http://ap.rdcpix.com/1513604267/dc5c12254ad9c18794bc4c4753b11ad2l-m19od-w480_h360_x2.webp?w=1080&q=75, http://ap.rdcpix.com/800985944/dc5c12254ad9c18794bc4c4753b11ad2l-m20od-w480_h360_x2.webp?w=1080&q=75, http://ap.rdcpix.com/893651138/dc5c12254ad9c18794bc4c4753b11ad2l-m21od-w480_h360_x2.webp?w=1080&q=75, http://ap.rdcpix.com/1199470660/dc5c12254ad9c18794bc4c4753b11ad2l-m22od-w480_h360_x2.webp?w=1080&q=75, http://ap.rdcpix.com/1197493111/dc5c12254ad9c18794bc4c4753b11ad2l-m23od-w480_h360_x2.webp?w=1080&q=75, http://ap.rdcpix.com/1033562655/dc5c12254ad9c18794bc4c4753b11ad2l-m24od-w480_h360_x2.webp?w=1080&q=75, http://ap.rdcpix.com/854232787/dc5c12254ad9c18794bc4c4753b11ad2l-m25od-w480_h360_x2.webp?w=1080&q=75, http://ap.rdcpix.com/1127200870/dc5c12254ad9c18794bc4c4753b11ad2l-m26od-w480_h360_x2.webp?w=1080&q=75"
https://www.realtor.com/realestateandhomes-detail/1257138800,MRCA,CV19086347,SOLD,"CHARMING CRAFTSMAN!!!! Don't miss out on this opportunity to own in Irwindale. Full of charm and history this 4 bedroom, two bath home was moved to it's current location from Pasadena in the early 1950's. Tastefully upgraded in 2015 with Laminate flooring, recessed lighting in the living room and dining room, resealed hardwood, new bathroom, laundry room, and rain gutters. Classic built ins in the dining area remind us of this homes heritage. Nestled on a large lot with detached garage and large covered patio area that is ideal for entertaining. Endless possibilities to add to the home or build/convert garage to an ADU. This one won't last long. Very few homes come on the market in this area. Also, check out the City of Irwindale website for all the perks for its residents.",SINGLE_FAMILY,15844 Hidalgo St,15844 Hidalgo St,,Irwindale,CA,91706,4,2,,1608,1914,,590000,2019-11-27,559000,2019-06-14,611345,816800,9184,348,34.106019,-117.934912,Hidalgo-Juarez,Los Angeles,06037,1,0,2,Rex A. Rhorer,rex@kaleorealestate.com,"[{'number': '6266255246', 'type': 'Mobile', 'ext': '', 'primary': True}, {'number': '6266092130', 'type': 'Office', 'ext': '', 'primary': True}]",,,,Covina-Valley Unified School District,http://ap.rdcpix.com/1343607560/9b96119d40292567176217e7a1aeae9al-m0od-w480_h360_x2.webp?w=1080&q=75,"http://ap.rdcpix.com/1343607560/9b96119d40292567176217e7a1aeae9al-m0od-w480_h360_x2.webp?w=1080&q=75, http://ap.rdcpix.com/515910256/9b96119d40292567176217e7a1aeae9al-m1od-w480_h360_x2.webp?w=1080&q=75, http://ap.rdcpix.com/1348635892/9b96119d40292567176217e7a1aeae9al-m2od-w480_h360_x2.webp?w=1080&q=75, http://ap.rdcpix.com/651571376/9b96119d40292567176217e7a1aeae9al-m3od-w480_h360_x2.webp?w=1080&q=75, http://ap.rdcpix.com/3093348885/9b96119d40292567176217e7a1aeae9al-m4od-w480_h360_x2.webp?w=1080&q=75, http://ap.rdcpix.com/1255406114/9b96119d40292567176217e7a1aeae9al-m5od-w480_h360_x2.webp?w=1080&q=75, http://ap.rdcpix.com/61394774/9b96119d40292567176217e7a1aeae9al-m6od-w480_h360_x2.webp?w=1080&q=75, http://ap.rdcpix.com/593799472/9b96119d40292567176217e7a1aeae9al-m7od-w480_h360_x2.webp?w=1080&q=75, http://ap.rdcpix.com/425140512/9b96119d40292567176217e7a1aeae9al-m8od-w480_h360_x2.webp?w=1080&q=75, http://ap.rdcpix.com/340214302/9b96119d40292567176217e7a1aeae9al-m9od-w480_h360_x2.webp?w=1080&q=75, http://ap.rdcpix.com/2368400864/9b96119d40292567176217e7a1aeae9al-m10od-w480_h360_x2.webp?w=1080&q=75, http://ap.rdcpix.com/4230859327/9b96119d40292567176217e7a1aeae9al-m11od-w480_h360_x2.webp?w=1080&q=75, http://ap.rdcpix.com/1449379119/9b96119d40292567176217e7a1aeae9al-m12od-w480_h360_x2.webp?w=1080&q=75, http://ap.rdcpix.com/2733711864/9b96119d40292567176217e7a1aeae9al-m13od-w480_h360_x2.webp?w=1080&q=75, http://ap.rdcpix.com/2011237482/9b96119d40292567176217e7a1aeae9al-m14od-w480_h360_x2.webp?w=1080&q=75, http://ap.rdcpix.com/3108712006/9b96119d40292567176217e7a1aeae9al-m15od-w480_h360_x2.webp?w=1080&q=75, http://ap.rdcpix.com/1660703072/9b96119d40292567176217e7a1aeae9al-m16od-w480_h360_x2.webp?w=1080&q=75, http://ap.rdcpix.com/948250142/9b96119d40292567176217e7a1aeae9al-m17od-w480_h360_x2.webp?w=1080&q=75, http://ap.rdcpix.com/1038089959/9b96119d40292567176217e7a1aeae9al-m18od-w480_h360_x2.webp?w=1080&q=75, http://ap.rdcpix.com/105191880/9b96119d40292567176217e7a1aeae9al-m19od-w480_h360_x2.webp?w=1080&q=75, http://ap.rdcpix.com/823944813/9b96119d40292567176217e7a1aeae9al-m20od-w480_h360_x2.webp?w=1080&q=75, http://ap.rdcpix.com/1927641686/9b96119d40292567176217e7a1aeae9al-m21od-w480_h360_x2.webp?w=1080&q=75, http://ap.rdcpix.com/203048870/9b96119d40292567176217e7a1aeae9al-m22od-w480_h360_x2.webp?w=1080&q=75, http://ap.rdcpix.com/2465107968/9b96119d40292567176217e7a1aeae9al-m23od-w480_h360_x2.webp?w=1080&q=75, http://ap.rdcpix.com/653114161/9b96119d40292567176217e7a1aeae9al-m24od-w480_h360_x2.webp?w=1080&q=75, http://ap.rdcpix.com/3074562124/9b96119d40292567176217e7a1aeae9al-m25od-w480_h360_x2.webp?w=1080&q=75, http://ap.rdcpix.com/2972676655/9b96119d40292567176217e7a1aeae9al-m26od-w480_h360_x2.webp?w=1080&q=75, http://ap.rdcpix.com/3907569044/9b96119d40292567176217e7a1aeae9al-m27od-w480_h360_x2.webp?w=1080&q=75, http://ap.rdcpix.com/2024376478/9b96119d40292567176217e7a1aeae9al-m28od-w480_h360_x2.webp?w=1080&q=75, http://ap.rdcpix.com/1888421809/9b96119d40292567176217e7a1aeae9al-m29od-w480_h360_x2.webp?w=1080&q=75, http://ap.rdcpix.com/2840559420/9b96119d40292567176217e7a1aeae9al-m30od-w480_h360_x2.webp?w=1080&q=75, http://ap.rdcpix.com/2616719408/9b96119d40292567176217e7a1aeae9al-m31od-w480_h360_x2.webp?w=1080&q=75, http://ap.rdcpix.com/3175751810/9b96119d40292567176217e7a1aeae9al-m32od-w480_h360_x2.webp?w=1080&q=75, http://ap.rdcpix.com/1756712464/9b96119d40292567176217e7a1aeae9al-m33od-w480_h360_x2.webp?w=1080&q=75, http://ap.rdcpix.com/1531500136/9b96119d40292567176217e7a1aeae9al-m34od-w480_h360_x2.webp?w=1080&q=75, http://ap.rdcpix.com/734625285/9b96119d40292567176217e7a1aeae9al-m35od-w480_h360_x2.webp?w=1080&q=75, http://ap.rdcpix.com/478192151/9b96119d40292567176217e7a1aeae9al-m36od-w480_h360_x2.webp?w=1080&q=75, http://ap.rdcpix.com/4105418921/9b96119d40292567176217e7a1aeae9al-m37od-w480_h360_x2.webp?w=1080&q=75, http://ap.rdcpix.com/3924785175/9b96119d40292567176217e7a1aeae9al-m38od-w480_h360_x2.webp?w=1080&q=75, http://ap.rdcpix.com/3950104598/9b96119d40292567176217e7a1aeae9al-m39od-w480_h360_x2.webp?w=1080&q=75, http://ap.rdcpix.com/1769328376/9b96119d40292567176217e7a1aeae9al-m40od-w480_h360_x2.webp?w=1080&q=75, http://ap.rdcpix.com/339012831/9b96119d40292567176217e7a1aeae9al-m41od-w480_h360_x2.webp?w=1080&q=75, http://ap.rdcpix.com/1526194461/9b96119d40292567176217e7a1aeae9al-m42od-w480_h360_x2.webp?w=1080&q=75, http://ap.rdcpix.com/435528356/9b96119d40292567176217e7a1aeae9al-m43od-w480_h360_x2.webp?w=1080&q=75, http://ap.rdcpix.com/1629564005/9b96119d40292567176217e7a1aeae9al-m44od-w480_h360_x2.webp?w=1080&q=75, http://ap.rdcpix.com/3027711388/9b96119d40292567176217e7a1aeae9al-m45od-w480_h360_x2.webp?w=1080&q=75, http://ap.rdcpix.com/1442811523/9b96119d40292567176217e7a1aeae9al-m46od-w480_h360_x2.webp?w=1080&q=75, http://ap.rdcpix.com/1346794365/9b96119d40292567176217e7a1aeae9al-m47od-w480_h360_x2.webp?w=1080&q=75"
https://www.realtor.com/realestateandhomes-detail/2703977645,MRCA,AR16172249,SOLD,"Mediterranean inspired 80's home with front gable situated on an extra large lot in a very quiet neighborhood at the end of a cul-de-sac in Irwindale with Duarte zip code. Living room features laminate flooring, brick fireplace and bay window. Formal dining room adjacent to kitchen with breakfast bar, laminate flooring, door to garage and slider to covered patio. Large kitchen with tons of wood cabinets. Hallway bathroom has ceramic tile flooring, wood vanity, and shower/tub combo. Master bedroom has laminate entry, three closets and a linen closet, carpeting, and slider to patio, as well as an attached 3/4 master bath with ceramic tile flooring and large wood vanity. Ceiling fans. Central air & heat. Two car attached garage. Paneled doors throughout.",SINGLE_FAMILY,2447 Ruelas St,2447 Ruelas St,,Duarte,CA,91010,3,1,,1249,1988,68,459000,2016-08-05,450000,2016-10-12,512017,789000,8989,360,34.120206,-117.988903,Mountain-Meridian,Los Angeles,06037,1,,2,Donna Baker,Donna@ammonandbaker.com,"[{'number': '6264870820', 'type': 'Mobile', 'ext': '', 'primary': True}]",,,,Duarte Unified School District,,
https://www.realtor.com/realestateandhomes-detail/1399865859,MRCA,PW15124450,SOLD,"***Standard Sale - FHA/VA Ready*** MUST SEE! Remodeled in a quiet residential neighborhood. All new paint inside and out. Very spacious home with granite countertops in kitchen with washer/dryer hookups. New flooring. Beautiful dark wood laminate throughout living areas. All new landscaping from the front to the back yard.   Property was recently subdivided. Tax records will be updated soon.  Also, for sale is 4847 Sabre Ln, Irwindale. The entrance and front door is through the backyard--please call for interest on Sabre Ln property as well.",SINGLE_FAMILY,4832 Baca Ave,4832 Baca Ave,,Irwindale,CA,91706,2,1,,952,1965,77,349000,2015-06-09,351600,2015-08-25,408055,660000,6547,369,34.100661,-117.933225,Irwindale Center,Los Angeles,06037,1,,2,Timothy Lewis,timrlewis@gmail.com,"[{'number': '(562) 221-9392', 'type': 'Mobile', 'ext': None, 'primary': True}]",,,,"East San Gabriel Valley Rop School District, Covina-Valley Unified School District",http://p.rdcpix.com/v01/lc4424645-m0od-w480_h360_x2.webp?w=1080&q=75,"http://p.rdcpix.com/v01/lc4424645-m0od-w480_h360_x2.webp?w=1080&q=75, http://p.rdcpix.com/v01/lc4424645-m1od-w480_h360_x2.webp?w=1080&q=75, http://p.rdcpix.com/v01/lc4424645-m2od-w480_h360_x2.webp?w=1080&q=75, http://p.rdcpix.com/v01/lc4424645-m3od-w480_h360_x2.webp?w=1080&q=75, http://p.rdcpix.com/v01/lc4424645-m4od-w480_h360_x2.webp?w=1080&q=75, http://p.rdcpix.com/v01/lc4424645-m5od-w480_h360_x2.webp?w=1080&q=75, http://p.rdcpix.com/v01/lc4424645-m6od-w480_h360_x2.webp?w=1080&q=75, http://p.rdcpix.com/v01/lc4424645-m7od-w480_h360_x2.webp?w=1080&q=75, http://p.rdcpix.com/v01/lc4424645-m8od-w480_h360_x2.webp?w=1080&q=75"
https://www.realtor.com/realestateandhomes-detail/1330962632,MRCA,CV16726873,SOLD,Unique opportunity to purchase in the City of Irwindale. This home has a gorgeous backyard and possible access for RV parking on the side. It has a welcoming large living room with fireplace. The kitchen has a breakfast bar which connects with the dining area. Enjoy the privacy of your own master bedroom and bathroom as well as the convenience of indoor washer and dryer hookups. The Irwindale Park and Library are only a few blocks from the property.,SINGLE_FAMILY,16063 Martinez St,16063 Martinez St,,Irwindale,CA,91706,4,2,,1428,1995,38,435000,2016-11-04,435000,2016-12-12,494949,766300,6663,305,34.10154,-117.932165,Irwindale Center,Los Angeles,06037,1,,2,Lupe Ruiz,luperuizrealty@yahoo.com,"[{'number': '9093463610', 'type': 'Mobile', 'ext': '', 'primary': True}]",,,,Covina-Valley Unified School District,http://ap.rdcpix.com/43778055/d19379c1340091aff6eae7047cbe2389l-m0od-w480_h360_x2.webp?w=1080&q=75,"http://ap.rdcpix.com/43778055/d19379c1340091aff6eae7047cbe2389l-m0od-w480_h360_x2.webp?w=1080&q=75, http://ap.rdcpix.com/1748301677/d19379c1340091aff6eae7047cbe2389l-m1od-w480_h360_x2.webp?w=1080&q=75, http://ap.rdcpix.com/255902874/d19379c1340091aff6eae7047cbe2389l-m2od-w480_h360_x2.webp?w=1080&q=75, http://ap.rdcpix.com/865680726/d19379c1340091aff6eae7047cbe2389l-m3od-w480_h360_x2.webp?w=1080&q=75, http://ap.rdcpix.com/1108233389/d19379c1340091aff6eae7047cbe2389l-m4od-w480_h360_x2.webp?w=1080&q=75, http://ap.rdcpix.com/509132755/d19379c1340091aff6eae7047cbe2389l-m5od-w480_h360_x2.webp?w=1080&q=75, http://ap.rdcpix.com/1684179271/d19379c1340091aff6eae7047cbe2389l-m6od-w480_h360_x2.webp?w=1080&q=75, http://ap.rdcpix.com/2133640488/d19379c1340091aff6eae7047cbe2389l-m7od-w480_h360_x2.webp?w=1080&q=75, http://ap.rdcpix.com/1717996860/d19379c1340091aff6eae7047cbe2389l-m8od-w480_h360_x2.webp?w=1080&q=75, http://ap.rdcpix.com/1795479429/d19379c1340091aff6eae7047cbe2389l-m9od-w480_h360_x2.webp?w=1080&q=75, http://ap.rdcpix.com/570445327/d19379c1340091aff6eae7047cbe2389l-m10od-w480_h360_x2.webp?w=1080&q=75, http://ap.rdcpix.com/1059042437/d19379c1340091aff6eae7047cbe2389l-m11od-w480_h360_x2.webp?w=1080&q=75, http://ap.rdcpix.com/1782551735/d19379c1340091aff6eae7047cbe2389l-m12od-w480_h360_x2.webp?w=1080&q=75, http://ap.rdcpix.com/1756887878/d19379c1340091aff6eae7047cbe2389l-m13od-w480_h360_x2.webp?w=1080&q=75, http://ap.rdcpix.com/1274817408/d19379c1340091aff6eae7047cbe2389l-m14od-w480_h360_x2.webp?w=1080&q=75, http://ap.rdcpix.com/103760033/d19379c1340091aff6eae7047cbe2389l-m15od-w480_h360_x2.webp?w=1080&q=75, http://ap.rdcpix.com/48183474/d19379c1340091aff6eae7047cbe2389l-m16od-w480_h360_x2.webp?w=1080&q=75, http://ap.rdcpix.com/1119056834/d19379c1340091aff6eae7047cbe2389l-m17od-w480_h360_x2.webp?w=1080&q=75"
https://www.realtor.com/realestateandhomes-detail/1288218596,MRCA,CV18292873,SOLD,"Unique opportunity to own a home in the desirable City Of Irwindale! This home is a true delight & a MUST SEE!! Features of this property include 3 bedroom 2 bath, PAID OFF SOLAR, shutters, upgraded kitchen & bathrooms. Cozy fireplace, Newer roof & windows. A private back yard with a POOL and RV parking are just a few on your list of upgrades on this compelete PRIDE OF OWNERSHIP HOME! Home is also just a couple of blocks from the park. The City of Irwindale also offers paid trash services to its residents, please check with the city for other benefits!",SINGLE_FAMILY,16124 Central St,16124 Central St,,Irwindale,CA,91706,3,2,,1241,1987,70,560000,2018-12-17,565000,2019-02-25,617905,826889,7613,455,34.102595,-117.931243,Irwindale Center,Los Angeles,06037,1,,2,Marcela Herrera,soldbymarcelah@gmail.com,"[{'number': '9095101910', 'type': 'Mobile', 'ext': '', 'primary': True}]",,,,Covina-Valley Unified School District,http://ap.rdcpix.com/1371687165/a484f32b21eea9ad2d8766d879ef0989l-m0od-w480_h360_x2.webp?w=1080&q=75,"http://ap.rdcpix.com/1371687165/a484f32b21eea9ad2d8766d879ef0989l-m0od-w480_h360_x2.webp?w=1080&q=75, http://ap.rdcpix.com/639136544/a484f32b21eea9ad2d8766d879ef0989l-m1od-w480_h360_x2.webp?w=1080&q=75, http://ap.rdcpix.com/349132370/a484f32b21eea9ad2d8766d879ef0989l-m2od-w480_h360_x2.webp?w=1080&q=75, http://ap.rdcpix.com/1630409844/a484f32b21eea9ad2d8766d879ef0989l-m3od-w480_h360_x2.webp?w=1080&q=75, http://ap.rdcpix.com/1583650604/a484f32b21eea9ad2d8766d879ef0989l-m4od-w480_h360_x2.webp?w=1080&q=75, http://ap.rdcpix.com/2104905297/a484f32b21eea9ad2d8766d879ef0989l-m5od-w480_h360_x2.webp?w=1080&q=75, http://ap.rdcpix.com/1167276507/a484f32b21eea9ad2d8766d879ef0989l-m6od-w480_h360_x2.webp?w=1080&q=75, http://ap.rdcpix.com/932161459/a484f32b21eea9ad2d8766d879ef0989l-m7od-w480_h360_x2.webp?w=1080&q=75, http://ap.rdcpix.com/1955229667/a484f32b21eea9ad2d8766d879ef0989l-m8od-w480_h360_x2.webp?w=1080&q=75, http://ap.rdcpix.com/364019134/a484f32b21eea9ad2d8766d879ef0989l-m9od-w480_h360_x2.webp?w=1080&q=75, http://ap.rdcpix.com/442169146/a484f32b21eea9ad2d8766d879ef0989l-m10od-w480_h360_x2.webp?w=1080&q=75, http://ap.rdcpix.com/1065006946/a484f32b21eea9ad2d8766d879ef0989l-m11od-w480_h360_x2.webp?w=1080&q=75, http://ap.rdcpix.com/2107917512/a484f32b21eea9ad2d8766d879ef0989l-m12od-w480_h360_x2.webp?w=1080&q=75, http://ap.rdcpix.com/491345152/a484f32b21eea9ad2d8766d879ef0989l-m13od-w480_h360_x2.webp?w=1080&q=75, http://ap.rdcpix.com/2128387381/a484f32b21eea9ad2d8766d879ef0989l-m14od-w480_h360_x2.webp?w=1080&q=75"
